S No,Link Niche,Type of Link, ,DA,Guidelines URL,Contact Type,Contact Name,Contact,Name of Roundup,Anchor Text (If Broken Link)
94,Business Operations,guest post,https://yourmoneysite.com/,26,https://yourmoneysite.com/write-for-us/,Email,contactyourmoneysite@gmail.com,,,
95,Business Operations,guest post,http://blog.apps-builder.com/,56,http://blog.apps-builder.com/write-for-us-about-mobile-marketing/,Email,info@apps-builder.com,,,
96,Business Operations,guest post,https://aepiphanni.com/,28,https://aepiphanni.com/guest-writer/,Contact Form,,,,
97,Business Operations,guest post,https://www.shoutoutuk.org/,52,https://www.shoutoutuk.org/write-for-us/,Contact Form,,,,
98,Business Operations,guest post,https://pureplaystation.com/,51,https://pureplaystation.com/write-for-us/,Email,chris.harding@pureplaystation.com,,,
99,Business Operations,guest post,https://www.realmanage.com/,36,https://www.realmanage.com/contribute?hsLang=en,Email,Info@RealManage.com,,,
100,Business Operations,guest post,https://jerseybites.com/,47,https://jerseybites.com/write-for-jersey-bites/,Email,info@jerseybites.com,,,
101,Business Operations,guest post,https://www.cloudmanagementinsider.com/,24,https://www.cloudmanagementinsider.com/write-for-us/,Contact Form,,,,
102,Business Operations,guest post,https://www.mycloudhospitality.com/,31,https://www.mycloudhospitality.com/blog/hospitality-technology-write-for-us,Email,harvey@mycloudhospitality.co.uk,,,
103,Business Operations,guest post,https://www.theurbanist.org/,55,https://www.theurbanist.org/contact-us/guest-posting/,Contact Form,,,,
104,Business Operations,guest post,https://tech-talk.org/,25,https://tech-talk.org/write-for-us/,Email,editor@business-fundas.com,,,
105,Business Operations,guest post,https://www.standingcloud.com/,40,https://www.standingcloud.com/write-for-us,Email,contact@yoursite.com,,,
106,Business Operations,guest post,https://www.side.cr/,65,https://www.side.cr/write-for-us/,Email,sidecar@agree.net,,,
107,Business Operations,guest post,https://www.foreverblueshirts.com/,37,https://www.foreverblueshirts.com/contact/,Contact Form,,,,
108,Business Operations,guest post,https://www.sportstalkphilly.com/,38,https://www.sportstalkphilly.com/write-for-us.html,Email,sportstalkphilly@gmail.com,,,
109,Business Operations,guest post,https://www.mbaskool.com/,50,https://www.mbaskool.com/submit-or-suggest-article.html,Email,mbaskool@gmail.com,,,
110,Business Operations,guest post,https://www.posusa.com/,28,https://www.posusa.com/write-for-us/,Email,news@posusa.com,,,
111,Business Operations,guest post,https://www.red-gate.com/,69,https://www.red-gate.com/simple-talk/write-for-us/,Email,blog@red-gate.com,,,
112,Business Operations,guest post,https://atulhost.com/,43,https://atulhost.com/write-for-us/,Email,contact@atulhost.com,,,
113,Business Operations,guest post,https://lastwordonsports.com/,66,https://lastwordonsports.com/write-for-us/,Contact Form,,,,
114,Business Operations,guest post,https://webflow.com/,73,https://webflow.com/blog-pages/write-for-us,Contact Form,,,,
115,Business Operations,guest post,https://insidesmallbusiness.com.au/,47,https://insidesmallbusiness.com.au/contributors,Email,isb@summitpublishing.com.au,,,
116,Business Operations,guest post,https://www.ageofartists.org/,21,https://www.ageofartists.org/join-us/become-contributer/,Email,contact@ageofartists.org,,,
117,Business Operations,guest post,https://www.cloudfoundry.org/,61,https://www.cloudfoundry.org/community/,Email,cf-dojo@cloudfoundry.org,,,
118,Business Operations,guest post,https://www.investmentpedia.org/,22,https://www.investmentpedia.org/write-for-us/become-a-contributor-3/,Contact Form,,,,
119,Business Operations,guest post,https://factor8.com/,31,https://factor8.com/friends-of-factor-8-contributor-program/,Email,info@factor8.com,,,
120,Business Operations,guest post,https://www.dojobali.org/,45,https://www.dojobali.org/blog/contributor/,Contact Form,,,,
121,Business Operations,guest post,https://www.altexsoft.com/,49,https://www.altexsoft.com/become-a-contributor/,Email,marketing@altexsoft.com,,,
122,Business Operations,guest post,https://getaka.co.in/,23,https://getaka.co.in/write-for-us-submit-article/,Email,wnergetaka@gmail.com,,,
123,Business Operations,guest post,https://www.starthubpost.com/,31,https://www.starthubpost.com/write-for-us/,Email,starthubpost@gmail.com,,,
124,Business Operations,guest post,https://launchhouse.com/,43,https://launchhouse.com/guest-posting/,Email,editor@launchhouse.local,,,
125,Business Operations,guest post,https://www.resolutets.com/,31,https://www.resolutets.com/write-for-us/,Contact Form,,,,
126,Business Operations,guest post,https://surveysparrow.com/,39,https://surveysparrow.com/write-for-us/,Email,support@surveysparrow.com,,,
127,Business Operations,guest post,https://www.onlinecultus.com/,25,https://www.onlinecultus.com/write-for-us/,Email,cultus@onlinecultus.com,,,
128,Business Operations,guest post,https://www.healthgrad.com/,36,https://www.healthgrad.com/write-for-us/,Email,editor@healthgrad.com,,,
129,Business Operations,guest post,https://digitaltippingpoint.com/,34,https://digitaltippingpoint.com/submit-guest-post/,Email,INFO@DIGITALTIPPINGPOINT.COM,,,
130,Business Operations,guest post,https://www.corporate-eye.com/,47,https://www.corporate-eye.com/main/write-for-us/,Email,lucy.nixon@corporate-eye.com,,,
131,Business Operations,guest post,lucy.nixon@corporate-eye.com,20,https://www.estateandmanor.com/write-for-us/,Email,contact@estateandmanor.com,,,
132,Business Operations,guest post,https://theeducatorsroom.com/,52,https://theeducatorsroom.com/submissions/,Email,info@theeducatorsroom.com,,,
133,Business Operations,guest post,https://www.new-startups.com/,40,https://www.new-startups.com/write-for-us/,Contact Form,,,,
346,Business Operations,sponsored post,https://www.avenuecalgary.com/,53,https://www.avenuecalgary.com/advertise/,Email,advertising@avenuecalgary.com,,,
347,Business Operations,sponsored post,https://utahpolicy.com/,66,https://utahpolicy.com/index.php/advertise,Email,lwebb@utahpolicy.com,,,
348,Business Operations,sponsored post,https://www.myjob.mu/,31,https://www.myjob.mu/advertise-a-job,Contact Form,,,,
349,Business Operations,sponsored post,https://columbiabusinessreport.com/,41,https://columbiabusinessreport.com/contact-advertising/,Email,gjohnson@scbiznews.com,,,
350,Business Operations,sponsored post,https://www.everettpost.com/,34,https://www.everettpost.com/advertise-with-us,Email,everettpostnews@krko.com,,,
351,Business Operations,sponsored post,https://whatsoninvers.nz/,26,https://whatsoninvers.nz/advertise/,Email,Robbie robbie@invers.nz,,,
352,Business Operations,sponsored post,https://www.constructionnews.co.uk/,63,https://www.constructionnews.co.uk/advertise/,Email,carl.dzedins@emap.com,,,
353,Business Operations,sponsored post,https://www.wishtv.com/,74,https://www.wishtv.com/advertise-with-us/,Email,advertise@wishtv.com,,,
354,Business Operations,sponsored post,https://thebusinessjournal.com/,56,https://thebusinessjournal.com/advertise/,Contact Form,,,,
355,Business Operations,sponsored post,https://www.nevadabusiness.com/,51,https://www.nevadabusiness.com/advertising/,Email,advertising@nevadabusiness.com.,,,
356,Business Operations,sponsored post,https://www.stattimes.com/,48,https://www.stattimes.com/advertise-for-web/,Email,sukhadaa@statmediagroup.com,,,
357,Business Operations,sponsored post,https://www.dailytarheel.com/,69,https://www.dailytarheel.com/page/advertise,Email,advertising@dailytarheel.com,,,
358,Business Operations,sponsored post,https://salmonbusiness.com/,40,https://salmonbusiness.com/covid-19-outbreak-at-salmon-processor-halts-operations/,Contact Number,47 450 08 115,,,
359,Business Operations,sponsored post,https://www.seatrade-maritime.com/,56,https://www.seatrade-maritime.com/advertise-seatrade-maritime-news,Email,sunny.patel@informa.com,,,
360,Business Operations,sponsored post,http://am1050.com/,43,http://am1050.com/advertise/,Email,sales@am1050.com,,,
361,Business Operations,sponsored post,news.com,42,https://wttmedia.com/sponsorship/,Email,help@whattheythink.com,,,
362,Business Operations,sponsored post,https://tbivision.com/,60,https://tbivision.com/advertise-with-us/,Email,Michael.Callan@informa.com,,,
363,Business Operations,sponsored post,djournal.com,71,https://www.djournal.com/site/advertise.html,Email,advertising.info@journalinc.com,,,
364,Business Operations,sponsored post,https://www.caterer.com/,56,https://www.caterer.com/recruiters?INHSE=JSHP_Footer_Recruiter_AdvertiseAJob,Contact Form,,,,
365,Business Operations,sponsored post,https://bestmediainfo.com/,76,https://bestmediainfo.com/category/mediainfo/advertising/,Contact Form,,,,
366,Business Operations,sponsored post,https://www.constructionenquirer.com/,58,https://www.constructionenquirer.com/advertise/,Email,aaron.morby@constructionenquirer.com,,,
367,Business Operations,sponsored post,http://www.producenews.com/,51,http://www.producenews.com/how-to-advertise,Email,groh@theproducenews.com,,,
368,Business Operations,sponsored post,https://www.businessnews.lk/,20,https://www.businessnews.lk/2020/10/29/east-container-terminal-inaugurates-for-operations/#,Email,nfo@businessstudio.lk,,,
369,Business Operations,sponsored post,https://www.efinancialcareers.hk/,66,http://recruiters.efinancialcareers.com/hk/contact-us/?_ga=2.60044393.579927502.1604044562-790275732.1604044562,Contact Form,,,,
370,Business Operations,sponsored post,https://www.fedhealthit.com/,37,https://www.fedhealthit.com/wp-content/uploads/2016/10/2020-Media-Kit.pdf,Email,ads@fedhealthit.com,,,
371,Business Operations,sponsored post,https://www.wbjournal.com/,57,https://www.wbjournal.com/info/advertise-with-us,Email,mmurray@wbjournal.com,,,
372,Business Operations,sponsored post,https://subtelforum.com/,41,https://subtelforum.com/advertise-with-us/,Email,info@subtelforum.com,,,
373,Business Operations,sponsored post,https://www.heraldgoa.in/,54,https://www.heraldgoa.in/Advertisement,Email,online@herald-goa.com,,,
374,Business Operations,sponsored post,https://campaignme.com/,43,https://campaignme.com/advertise-with-us/,Email,nadeem@motivate.ae,,,
375,Business Operations,sponsored post,https://www.aviationpros.com/,64,https://cityservices.endeavorb2b.com/aviationpros-home/,Email,dan@firehouse.com,,,
376,Business Operations,sponsored post,https://www.valdostadailytimes.com/,69,https://www.valdostadailytimes.com/site/advertise-with-us.html,Email,vdt.circulation@gaflnews.com,,,
377,Business Operations,sponsored post,http://www.fnbnews.com/,46,http://www.fnbnews.com/Advertise.aspx,Email,sales@saffronmedia.in,,,
378,Business Operations,sponsored post,https://www.altenergymag.com/,59,https://www.altenergymag.com/advertise.php,Email,sales@altenergymag.com,,,
379,Business Operations,sponsored post,https://sasktrucking.com/,31,https://sasktrucking.com/wp-content/uploads/2020/02/2020-Sponsorship-Package-Website-Version.pdf,Email,info@sasktrucking.com,,,
380,Business Operations,sponsored post,https://www.pharmexec.com/,57,https://www.pharmexec.com/sponsored-podcasts,Contact Form,,,,
381,Business Operations,sponsored post,https://www.miningglobal.com/,50,https://www.miningglobal.com/contact_us,Contact Form,,,,
382,Business Operations,sponsored post,https://english.jagran.com/,78,https://english.jagran.com/advertise-withus,Email,advt@mmionline.in,,,
383,Business Operations,sponsored post,https://www.theactuary.com/,52,https://www.theactuary.com/2020/02/24/advertise-us,Email,theactuaryjobs@redactive.co.uk,,,
384,Business Operations,sponsored post,https://www.cmmonline.com/,46,https://www.cmmonline.com/advertise,Email,micah@issa.com,,,
385,Business Operations,sponsored post,https://www.foodbeverageinsider.com/,33,https://solutions.foodbeverageinsider.com/,Email,ioana.neacsu@informa.com,,,
386,Business Operations,sponsored post,https://www.pizzamarketplace.com/,55,https://networldmediagroup.com/PMC-advertise/,Contact Form,,,,
387,Business Operations,sponsored post,https://www.indeed.com/,89,https://www.indeed.com/q-Advertise-Drawing-jobs.html,Contact Form,,,,
388,Business Operations,sponsored post,https://www.bellmedia.ca/,61,https://www.bellmedia.ca/advertising-sales/,Contact Form,,,,
389,Business Operations,sponsored post,https://nrf.com/,78,https://nrf.com/nrf-sponsorship-opportunities,Email,sakellt@nrf.com,,,
390,Business Operations,sponsored post,https://usa.visa.com/,84,https://usa.visa.com/about-visa/sponsorships-promotions.html,Contact Form,,,,
391,Business Operations,sponsored post,http://www.nz.com/,55,http://www.nz.com/advertising/,Contact Form,,,,
392,Business Operations,sponsored post,https://biv.com/,63,https://biv.com/advertise,Email,subscribe@biv.com,,,
393,Business Operations,sponsored post,https://www.kabbage.com/,62,https://www.kabbage.com/partner/,Email,partnerships@kabbage.com,,,
394,Business Operations,sponsored post,https://www.mintegral.com/,49,https://www.mintegral.com/en/advertiser/,Contact Form,,,,
395,Business Operations,sponsored post,https://www.noticebard.com/,29,https://www.noticebard.com/advertise/,Email,janardhan@noticebard.com,,,
396,Business Operations,sponsored post,https://parking.uark.edu/,73,https://parking.uark.edu/transit-services/transit-operations/advertise-with-us.php,Email,parking@uark.edu,,,
397,Business Operations,sponsored post,https://indifoodbev.com/,15,https://indifoodbev.com/advertise/,Email,marketing3@ippgroup.com,,,
398,Business Operations,sponsored post,https://fuelsmarketnews.com/,32,https://fuelsmarketnews.com/advertise/,Email,bkaprelian@fmnweb.com,,,
399,Business Operations,sponsored post,https://www.metalformingmagazine.com/,35,https://www.metalformingmagazine.com/advertise/,Email,bkuvin@pma.org,,,
400,Business Operations,sponsored post,https://ispe.org/,53,https://ispe.org/pharmaceutical-engineering/about/advertise,Contact Form,,,,
401,Business Operations,sponsored post,https://www.industrialautomationindia.in/,30,https://www.industrialautomationindia.in/advertisements,Contact Form,,,,
402,Business Operations,sponsored post,http://federal.governmentcareer.com.au/,25,http://federal.governmentcareer.com.au/advertise,Email,support@careerspot.com.au,,,
403,Business Operations,sponsored post,https://industrytoday.com/,49,https://industrytoday.com/newsletter/,Email,spoeton@industrytoday.com,,,
404,Business Operations,sponsored post,https://www.builtinla.com/,54,https://www.builtinla.com/company/advertise-purple,Contact Form,,,,
405,Business Operations,sponsored post,https://recruiter.pharmiweb.jobs/,22,https://recruiter.pharmiweb.jobs/,Email,sales@pharmiweb.com,,,
406,Business Operations,sponsored post,https://www.leadsquared.com/,46,https://www.leadsquared.com/partners/,Email,partners@leadsquared.com,,,
407,Business Operations,sponsored post,https://www.customercontactweekdigital.com/,45,https://www.customercontactweekdigital.com/advertise-with-us,Email,info@ccwdigital.com,,,
408,Business Operations,sponsored post,https://www.businessballs.com/,61,https://www.businessballs.com/sales-and-marketing/advertising-tips-and-secrets/,Contact Form,,,,
409,Business Operations,sponsored post,https://www.jpimedialocal.co.uk/,34,https://www.jpimedialocal.co.uk/articles/step-1-make-yourself-heard/how-to-advertise-after-lockdown-ends/,Contact Number,0330 403 0497,,,
410,Business Operations,sponsored post,https://www.truity.com/,60,https://www.truity.com/career-profile/advertising-and-promotions-manager,Email,help@truity.com,,,
411,Business Operations,sponsored post,https://www.updazz.com/,19,https://www.updazz.com/c/advertising---content---design-jobs-10.html,Email,info@iimjobs.com,,,
412,Business Operations,sponsored post,https://in.fashionnetwork.com/,83,https://in.fashionnetwork.com/stats/,Contact Form,,,,
413,Business Operations,sponsored post,http://partner.monster.com/,88,http://partner.monster.com/,Contact Form,,,,
414,Business Operations,sponsored post,https://www.carwash.com/,48,http://www.babcox.com/brand/professional-carwashing-detailing/,Contact Form,,,,
415,Business Operations,sponsored post,https://www.thepacker.com/,63,https://www.thepacker.com/advertise,Email,sshuman@thepacker.com,,,
416,Business Operations,sponsored post,http://apsfl.in/,23,http://apsfl.in/clients-partners/,Email,care@apsfl.co.in,,,
417,Business Operations,sponsored post,https://www.hubspot.com/,92,https://www.hubspot.com/partners?_conv_v=vi%3A1*sc%3A2*cs%3A1604054095*fs%3A1603968011*pv%3A6*exp%3A%7B%7D*ps%3A1603968011&_conv_v=vi%3A1*sc%3A2*cs%3A1604054095*fs%3A1603968011*pv%3A6*exp%3A%7B%7D*ps%3A1603968011&_conv_s=si%3A2*sh%3A1604054095385-0.36269764563229656*pv%3A1&_conv_s=si%3A2*sh%3A1604054095385-0.36269764563229656*pv%3A1,Contact Number,tel:+911171279211,,,
418,Business Operations,sponsored post,https://edkentmedia.com/,40,https://edkentmedia.com/partnership-program/,Email,info@edkentmedia.com,,,
419,Business Operations,sponsored post,https://marketing.bdaily.co.uk/,58,https://marketing.bdaily.co.uk/collections,Email,marketing@bdaily.co.uk,,,
420,Business Operations,sponsored post,https://www.lynnnews.co.uk/,55,https://www.lynnnews.co.uk/advertise-with-us/,Email,jobs@iliffepublishing.co.uk,,,
421,Business Operations,sponsored post,https://themonroesun.com/,25,https://themonroesun.com/promote-your-business-on-the-sun/,Email,themonroesun@gmail.com.,,,
422,Business Operations,sponsored post,https://www.estevanmercury.ca/,46,https://www.estevanmercury.ca/advertise,Email,adsales@estevanmercury.ca,,,
423,Business Operations,sponsored post,https://www.marshallindependent.com/,55,https://www.marshallindependent.com/advertise/,Email,gorear@marshallindependent.com,,,
424,Business Operations,sponsored post,https://www.preecevilleprogress.com/,33,https://www.preecevilleprogress.com/advertise,Email,sales.canoracourier@sasktel.net,,,
425,Business Operations,sponsored post,https://www.post-journal.com/,62,https://www.post-journal.com/advertise/,Email,dbrunner@post-journal.com,,,
426,Business Operations,sponsored post,https://www.prpeak.com/,43,https://www.prpeak.com/advertise,Email,dot@prpeak.com,,,
427,Business Operations,sponsored post,https://www.greater.jobs/,37,https://www.greater.jobs/advertise-with-us/,Contact Form,,,,
428,Business Operations,sponsored post,https://everythinggp.com/,40,https://everythinggp.com/advertise-with-us/,Contact Number,tel:7805396397,,,
429,Business Operations,sponsored post,https://www.jpimedia.co.uk/,36,https://www.jpimedia.co.uk/advertising-terms-conditions/?ref=SHES,Contact Form,,,,
430,Business Operations,sponsored post,https://www.mysaline.com/,34,https://www.mysaline.com/advertise/,Email,info@mysaline.com,,,
431,Business Operations,sponsored post,https://allwork.space/,54,https://allwork.space/advertise-with-us/,Email,editor@allwork.space,,,
432,Business Operations,sponsored post,https://recruiters.insidehousing.co.uk/,59,https://recruiters.insidehousing.co.uk/,Email,jobscallback@insidehousing.co.uk,,,
433,Business Operations,sponsored post,https://fsae.memberclicks.net/,65,https://fsae.memberclicks.net/assets/docs/FSAE-Media-Kit.pdf,Email,SueDamon@comcast.net,,,
434,Business Operations,sponsored post,https://www.careerpointkenya.co.ke/,32,https://www.careerpointkenya.co.ke/advertise/,Contact Form,,,,
435,Business Operations,sponsored post,https://recruiters.timewisejobs.co.uk/,41,https://recruiters.timewisejobs.co.uk/,Email,team@timewisejobs.co.uk,,,
436,Business Operations,sponsored post,https://www.milkround.com/,55,https://www.milkround.com/recruiters?INHSE=JSHP_Footer_Recruiter_AdvertiseAJob,Contact Form,,,,
437,Business Operations,sponsored post,https://www.ziprecruiter.in/,15,https://www.ziprecruiter.in/sponsoredreach,Email,bizdevrequest@ziprecruiter.com,,,
438,Business Operations,sponsored post,https://app.remoteweekly.cc/,18,https://app.remoteweekly.cc/sponsor/?ref=app,Contact Form,,,,
439,Business Operations,sponsored post,https://www.operationscrossing.com/,21,https://www.operationscrossing.com/lcadvertise.php,Contact Form,,,,
440,Business Operations,sponsored post,https://www.firstpracticemanagement.co.uk/,32,https://www.firstpracticemanagement.co.uk/gp-practice-manager-jobs-and-recruitment/how-to-advertise-a-practice-manager-vacancy/,Email,mail@firstpracticemanagement.co.uk,,,
441,Business Operations,sponsored post,https://www.allaboutcareers.com/,47,https://www.allaboutcareers.com/about-us#advertise,Email,mydata@allaboutgroup.org,,,
442,Business Operations,sponsored post,https://en.jobs.lu/,39,https://en.jobs.lu/recruiters/,Email,info@jobs.lu,,,
443,Business Operations,sponsored post,https://www.ethicaljobs.com.au/,44,https://www.ethicaljobs.com.au/advertise,Email,info@ethicaljobs.com.au,,,
444,Business Operations,sponsored post,https://recruiters.wmjobs.co.uk/,37,https://recruiters.wmjobs.co.uk/,Contact Form,,,,
445,Business Operations,sponsored post,https://www.retailchoice.com/,39,https://www.retailchoice.com/recruiters/job-ad/product/stdcredits?RHP=main_CTA_right&INHSE=JSHP_Footer_Recruiter_AdvertiseAJob,Contact Number,0333 0145 111,,,
446,Business Operations,sponsored post,https://www.reed.co.uk/,76,https://www.reed.co.uk/courses/providers/,Contact Number,020 3510 0109,,,
447,Business Operations,sponsored post,https://www.jobs.ie/,54,https://www.jobs.ie/recruiters/,Contact Form,,,,
448,Business Operations,sponsored post,https://recruiters.insurancejobs.co.uk/,34,https://recruiters.insurancejobs.co.uk/,Email,sales@insurancejobs.co.uk,,,
449,Business Operations,sponsored post,xhttps://www.supplychainonline.co.uk/,30,https://supplychainonline-rs.madgexjb.com/,Email,info@supplychainonline.co.uk,,,
450,Business Operations,sponsored post,https://nodesk.co/,37,https://nodesk.co/advertise/,Contact Form,,,,
451,Business Operations,sponsored post,https://www.mightyrecruiter.com/,44,https://www.mightyrecruiter.com/job-posting-partners/,Email,recruiterhelp@mightyrecruiter.com,,,
452,Business Operations,sponsored post,https://www.nijobs.com/,44,https://www.nijobs.com/recruiters/,Contact Form,,,,
453,Business Operations,sponsored post,https://www.timesascent.com/,45,https://www.timesascent.com/contactUs,Contact Form,,,,
454,Business Operations,sponsored post,http://recruiter.monsterindia.com/,58,http://recruiter.monsterindia.com/v2/introduction.html,Email,Midha@Monsterindia.com,,,
455,Business Operations,sponsored post,https://business.newsbreak.com/,61,https://business.newsbreak.com/,Contact Form,,,,
456,Business Operations,sponsored post,https://recruiters.newscientist.com/,92,https://recruiters.newscientist.com/en-au/?_ga=2.65635246.1685670590.1604136738-1191431432.1604136737,Email,nssales@newscientist.com,,,
457,Business Operations,sponsored post,https://www.piworld.com/,53,https://www.piworld.com/advertising-info/,Email,magazinecs@napco.com,,,
458,Business Operations,sponsored post,https://www.sc.edu/,73,https://www.sc.edu/uofsc/announcements/posts/2020/10/racial_trauma_workshop.php#.X50wuogza8k,Email,gunbyk@mailbox.sc.edu,,,
459,Business Operations,sponsored post,https://www.linkup.com/,57,https://www.linkup.com/details/cae1cd813fde1814cb1cf26b791b64af,Contact Number,866-359-9360,,,
460,Business Operations,sponsored post,https://www.wraltechwire.com/,70,https://www.wraltechwire.com/advertise-with-us/,Contact Form,,,,
461,Business Operations,sponsored post,https://www.foodnewsmedia.com/,72,https://www.foodnewsmedia.com/media-kit/login,Contact Form,,,,
462,Business Operations,sponsored post,https://reutersevents.com/,54,https://reutersevents.com/events/pv-usa/sponsor-index.php,Email,emily.domange@thomsonreuters.com,,,
463,Business Operations,sponsored post,https://hondanews.com/,63,https://hondanews.com/en-US/releases/honda-to-sponsor-2019-national-urban-league-conference,Contact Form,,,,
464,Business Operations,sponsored post,https://www.rockdalenewtoncitizen.com/,60,https://www.rockdalenewtoncitizen.com/site/contact.html,Email,alice.queen@rockdalecitizen.com,,,
465,Business Operations,sponsored post,https://www.njawwa.org/,31,https://www.njawwa.org/page/20202021OpenSponsors,Email,info@njawwa.org,,,
466,Business Operations,sponsored post,https://exclusivenews.co.in/,68,https://exclusivenews.co.in/fc-goa-joins-hands-with-adda52-rummy-as-title-sponsor-and-deltin-as-associate-sponsor-for-2019-20-season/,Email,newseditor05@gmail.com,,,
467,Business Operations,sponsored post,https://taranakirescue.org.nz/,20,https://taranakirescue.org.nz/about/#,Contact Form,,,,
468,Business Operations,sponsored post,https://www.anaplan.com/,57,https://www.anaplan.com/partners/,Contact Form,,,,
469,Business Operations,sponsored post,https://www.linklaters.com/,60,https://www.linklaters.com/en/legal-notices/attorney-advertising,Contact Form,,,,
470,Business Operations,sponsored post,https://www.africabfsi.com/,16,https://www.africabfsi.com/sponsor.html,Contact Form,,,,
471,Business Operations,sponsored post,https://www.digitalanalyticsassociation.org/,44,https://www.digitalanalyticsassociation.org/Files/Docs/DAA_Symposia_Sponsorship_Prospectus_-v08.pdf,Email,matt@accessmarketing.com,,,
472,Business Operations,sponsored post,https://my805tix.com/,30,https://my805tix.com/events/2018-central-coast-economic-forecast-business-level,Email,stephanie@centralcoasteconomicforecast.com,,,
473,Business Operations,sponsored post,https://www.disabledperson.com/,45,https://www.disabledperson.com/our-partners,Email,info@disabledperson.com,,,
474,Business Operations,sponsored post,https://www.businesswire.com/,92,https://www.businesswire.com/news/home/20110317005854/en/SmartOps-to-Sponsor-MIT-Sloan%E2%80%99s-Operations-Simulation-Competition,Email,rbrown@smartops.com,,,
475,Business Operations,sponsored post,https://chss.kennesaw.edu/,69,https://chss.kennesaw.edu/csj/student-opportunities/sponsor-student-opportunities.php,Email,ctodom@csjournalism.org,,,
476,Business Operations,sponsored post,https://www.indiaretailing.com/,49,https://www.indiaretailing.com/advertise-with-us/,Email,anjalisondhi@imagesgroup.in,,,
477,Business Operations,sponsored post,https://www.controlsdrivesautomation.com/,31,https://www.controlsdrivesautomation.com/AdvertiserArea,Email,cmay@westernbusiness.media,,,
478,Business Operations,sponsored post,https://www.insidesport.co/,47,https://www.insidesport.co/advertisement/,Email,navinC@aidem.in,,,
479,Business Operations,sponsored post,https://empirestartups.com/,37,https://empirestartups.com/sponsors/,Contact Form,,,,
480,Business Operations,sponsored post,https://www.abdindia.com/,30,https://www.abdindia.com/news-and-media/2017/allied-blenders-ties-up-with-mi-dd-as-associate-sponsor-the-hindu-business-line/,Contact Form,,,,
481,Business Operations,sponsored post,https://apparelresources.com/,45,https://apparelresources.com/advertising/,Contact Number,91 11 47390000,,,
482,Business Operations,sponsored post,https://retail.economictimes.indiatimes.com/,93,https://retail.economictimes.indiatimes.com/contact_us.php,Email,contactus@etretail.com,,,
483,Business Operations,sponsored post,https://stripe.com/,91,https://stripe.com/en-in/partners/apps-and-extensions,Email,info@stripe.com,,,
948,Business Operations,guest post,https://jilt.com/,42,https://jilt.com/guest-writing/,Contact Form,,,,
949,Business Operations,guest post,https://thewholebraingroup.com/,45,https://thewholebraingroup.com/guest-blogging/,Email,dcampbell@thewholebraingroup.com,,,
950,Business Operations,guest post,http://businessoflawblog.com/,40,http://businessoflawblog.com/guest-post-to-the-business-of-law/,Email,BLSSsocial@lexisnexis.com,,,
951,Business Operations,guest post,https://intelligentproduct.solutions/,33,https://intelligentproduct.solutions/guest-blogger-program/,Contact Form,,,,
952,Business Operations,guest post,https://blog.crunched.io/,29,https://blog.crunched.io/blog/guest-contribution,Contact Form,,,,
953,Business Operations,guest post,https://www.visiolending.com/,38,https://www.visiolending.com/blog/how-to-submit-a-guest-blog-post-to-visio,Email,Hannah.Lapin@VisioLending.com,,,
954,Business Operations,guest post,https://www.switchbazaar.com/,21,https://www.switchbazaar.com/blog/submit-a-guest-post-at-switchbazaar-blog/,Contact Form,,,,
955,Business Operations,guest post,https://blog.bqool.com/,37,https://blog.bqool.com/responsibilities-amazon-virtual-assistants/,Email,support@bqool.com,,,
33,Communication in the Workplace,guest post,https://www.cmswire.com/,76,https://www.cmswire.com/about-us/submission-guidelines/,Email,sales@simplermedia.com,,,
34,Communication in the Workplace,guest post,https://powell-software.com/,35,https://powell-software.com/en/become-a-partner/,Contact Form,,,,
35,Communication in the Workplace,guest post,https://www.woculus.com/,31,https://www.woculus.com/become-a-contributor/,Contact Form,,,,
36,Communication in the Workplace,guest post,https://workalpha.com/,28,https://workalpha.com/contact/,Email,info@workalpha.com,,,
37,Communication in the Workplace,guest post,https://magazine.startus.cc/,51,https://magazine.startus.cc/10-simple-rules-communication-co-workers/,Email,susi@startus.cc,,,
38,Communication in the Workplace,guest post,https://generalleadership.com/,39,https://generalleadership.com/register-to-become-a-contributor-to-generalleadership-com/,Contact Form,,,,
39,Communication in the Workplace,guest post,https://www.thedigitaltransformationpeople.com/,39,https://www.thedigitaltransformationpeople.com/become-an-author/,Contact Form,,,,
40,Communication in the Workplace,guest post,https://www.diversitynetwork.org/,41,https://www.diversitynetwork.org/page/Become_Contributor,Email,members@diversitynetwork.org,,,
41,Communication in the Workplace,guest post,https://careersblog.uts.edu.au/,73,https://careersblog.uts.edu.au/careers/contribute,Email,careersblog@uts.edu.au,,,
42,Communication in the Workplace,guest post,https://untoday.org/,39,https://untoday.org/become-a-contributor/,Email,admin@untoday.org,,,
43,Communication in the Workplace,guest post,https://www.chanty.com/,49,https://www.chanty.com/write-for-us.html,Contact Form,,,,
44,Communication in the Workplace,guest post,https://25yearslatersite.com/,49,https://25yearslatersite.com/write-for-us/,Contact Form,,,,
45,Communication in the Workplace,guest post,https://diversityq.com/,37,https://diversityq.com/write-for-us/,Email,info@bonhillplc.com,,,
46,Communication in the Workplace,guest post,http://www.workinentertainment.com/,40,http://www.workinentertainment.com/blog/guidelines/,Contact Form,,,,
47,Communication in the Workplace,guest post,https://followerofone.org/,27,https://followerofone.org/write-for-follower-of-one-2/,Contact Form,,,,
48,Communication in the Workplace,guest post,https://the-happy-manager.com/,42,http://the-happy-manager.com/write-for-us/,Email,info@the-happy-manager.com,,,
49,Communication in the Workplace,guest post,https://wparena.com/,66,https://wparena.com/write-for-us/,Email,jazib @ wparena.com,,,
50,Communication in the Workplace,guest post,https://www.revechat.com/,39,https://www.revechat.com/write-for-us/,Contact Form,,,,
51,Communication in the Workplace,guest post,https://www.cultureandlanguage.net/,28,https://www.cultureandlanguage.net/write-for-us,Contact Form,,,,
52,Communication in the Workplace,guest post,https://societyforpsychotherapy.org/,40,https://societyforpsychotherapy.org/mission/our-website/,Email,editor@societyforpsychotherapy.org,,,
53,Communication in the Workplace,guest post,https://generocity.org/,49,https://generocity.org/contributor-form?utm_source=footer&utm_medium=text,Contact Form,,,,
54,Communication in the Workplace,guest post,https://neuronline.sfn.org/,67,https://neuronline.sfn.org/write-for-us,Contact Form,,,,
55,Communication in the Workplace,guest post,https://sensiblebusinessmen.com/,17,https://sensiblebusinessmen.com/write-for-us/,Email,hello@prbulls.com,,,
56,Communication in the Workplace,guest post,https://www.futureofeverything.io/,40,https://www.futureofeverything.io/contribute,Contact Form,,,,
57,Communication in the Workplace,guest post,https://lnreview.co.uk/,41,https://lnreview.co.uk/write-for-us/,Contact Form,,,,
58,Communication in the Workplace,guest post,https://www.vandelaydesign.com/,59,https://www.vandelaydesign.com/write-for-us/,Contact Form,,,,
59,Communication in the Workplace,guest post,https://introvertwhisperer.com/,30,https://introvertwhisperer.com/write-for-us/,Email,Katie@introvertwhisperer.com,,,
60,Communication in the Workplace,guest post,https://www.bepublishing.com/,33,https://www.bepublishing.com/about-us/write-for-us/,Email,authors@bepublishing.com,,,
61,Communication in the Workplace,guest post,http://psychlearningcurve.org/,40,http://psychlearningcurve.org/write-for-us/,Contact Form,,,,
62,Communication in the Workplace,guest post,https://everydaypower.com/,54,https://everydaypower.com/write-for-us/,Contact Form,,,,
63,Communication in the Workplace,guest post,https://simpleprogrammer.com/,53,https://simpleprogrammer.com/write-for-us/,Contact Form,,,,
64,Communication in the Workplace,guest post,https://leanforward.hms.harvard.edu/,94,https://leanforward.hms.harvard.edu/write-for-us/,Email,diane_thomas@hms.harvard.edu,,,
65,Communication in the Workplace,guest post,https://creately.com/,74,https://creately.com/blog/write-for-us/,Contact Form,,,,
66,Communication in the Workplace,guest post,https://ponbee.com/,56,https://ponbee.com/write-for-us/,Email,brian@ponbee.com,,,
67,Communication in the Workplace,guest post,https://bestinau.com.au/,77,https://bestinau.com.au/contributor-guest-post/,Contact Form,,,,
956,Communication in the Workplace,guest post,https://www.opensourcedworkplace.com/,31,https://www.opensourcedworkplace.com/contribute,Email,editorial@opensourcedworkplace.com,,,
957,Communication in the Workplace,guest post,https://embedsocial.com/,43,https://embedsocial.com/blog/submit-guest-post/,Email,katerina@embedsocial.om,,,
165,Employee Development,guest post,https://www.zeolearn.com/,39,https://www.zeolearn.com/magazine/write-for-us,Email,editor@zeolearn.com,,,
166,Employee Development,guest post,http://www.trainerhangout.com/,18,http://www.trainerhangout.com/guest-posting/,Email,vinil@zaang.org,,,
167,Employee Development,guest post,https://www.weekly10.com/,28,https://www.weekly10.com/write-for-us/,Email,contact@weekly10.com,,,
168,Employee Development,guest post,https://www.murach.com/,37,https://www.murach.com/about-us/write-for-us,Email,murachbooks@murach.com,,,
169,Employee Development,guest post,https://thewellnesssociety.org/,35,https://www.thewellnesssociety.org/write-for-us/,Contact Form,,,,
170,Employee Development,guest post,https://blog.teamtreehouse.com/,82,https://blog.teamtreehouse.com/want-to-write-for-think-vitamin,Email,ryan@carsonified.com,,,
171,Employee Development,guest post,https://www.pcpci.org/,32,https://www.pcpci.org/blog/developing-effective-policies-and-procedures-healthcare-organizations,Email,pcpciinfo@healthinsight.org,,,
172,Employee Development,guest post,https://www.childcarebizhelp.com/,20,https://www.childcarebizhelp.com/about-us/write-for-us/,Email,info@childcarebizhelp.com,,,
173,Employee Development,guest post,https://admissions.blog/,29,https://admissions.blog/write-for-us/,Contact Form,,,,
251,Employee Management,sponsored post,https://federalnewsnetwork.com/,68,https://federalnewsnetwork.com/advertise-on-federal-news-network/,Contact Form,,,,
252,Employee Management,sponsored post,https://www.theretailbulletin.com/,55,https://www.theretailbulletin.com/about-us/#advertise,Email,patrick.overall@theretailbulletin.com,,,
253,Employee Management,sponsored post,https://www.nijobfinder.co.uk/,39,https://www.nijobfinder.co.uk/advertise-a-job/,Contact Form,,,,
254,Employee Management,sponsored post,https://www.winchesterstar.com/,58,https://www.winchesterstar.com/site/forms/online_services/how_to_advertise_with_us/,Email,citydesk@winchesterstar.com,,,
255,Employee Management,sponsored post,https://www.securitymagazine.com/,62,https://www.securitymagazine.com/advertise,Contact Number,(248) 362-3700,,,
256,Employee Management,sponsored post,https://chainstoreage.com/,72,https://chainstoreage.com/advertise,Email,GEsposito@chainstoreage.com,,,
257,Employee Management,sponsored post,https://ukinvestormagazine.co.uk/,36,https://ukinvestormagazine.co.uk/advertise-with-us/,Contact Form,,,,
258,Employee Management,sponsored post,https://ohsonline.com/,60,https://ohsonline.com/pages/media-kit.aspx,Contact Number,972-687-6700,,,
259,Employee Management,sponsored post,https://www.gonpta.com/,33,https://www.gonpta.com/page/Advertise,Contact Form,,,,
260,Employee Management,sponsored post,https://www.officedepot.com/,76,https://www.officedepot.com/cm/marketing/office-depot-advertising-solutions?cm_sp=FooterLinks--_Company-info_--AdvertiseWithUs,Contact Number,1-800-463-3768,,,
261,Employee Management,sponsored post,https://telecomreseller.com/,48,https://telecomreseller.com/advertise-form/,Contact Form,,,,
262,Employee Management,sponsored post,https://jobsearch.gov.au/,55,https://jobsearch.gov.au/employers/job,Email,digitalservices@dese.gov.au,,,
263,Employee Management,sponsored post,ypros.com,43,https://www.landscapenetworkmediakit.com/,Email,eServais@acbusinessmedia.com,,,
264,Employee Management,sponsored post,https://dribbble.com/,92,https://dribbble.com/advertise,Contact Form,,,,
265,Employee Management,sponsored post,https://groupgti.com/,40,https://groupgti.com/employers,Contact Number,44 (0)1491 826262,,,
266,Employee Management,sponsored post,https://cleanfax.com/,37,https://cleanfax.com/advertise/,Contact Form,,,,
267,Employee Management,sponsored post,https://auto.economictimes.indiatimes.com/,93,https://auto.economictimes.indiatimes.com/contact_us.php,Email,contactus@etauto.com,,,
268,Employee Management,sponsored post,https://www.naturalhr.com/,44,https://www.naturalhr.com/partners/,Contact Form,,,,
269,Employee Management,sponsored post,https://www.cda.org/,56,https://www.cda.org/Home/About/Advertise-and-Sponsor,Email,sue.gardner@cda.org,,,
270,Employee Management,sponsored post,https://fonolive.com/,36,https://fonolive.com/contact-us,Contact Form,,,,
271,Employee Management,sponsored post,https://www.paycor.com/,54,https://www.paycor.com/partners,Contact Form,,,,
272,Employee Management,sponsored post,https://peoplemanagement.haymarketrecruitment.com/,25,https://peoplemanagement.haymarketrecruitment.com/pricing/,Email,peoplemanagementjobs@haymarket.com,,,
273,Employee Management,sponsored post,https://www.rmit.edu.au/,76,https://www.rmit.edu.au/rese,Contact Form,,,,
274,Employee Management,sponsored post,https://www.reworked.co/,37,https://www.simplermedia.com/,Email,info@simplermedia.com,,,
275,Employee Management,sponsored post,https://citrushr.com/,31,https://citrushr.com/partners/,Email,info@citrushr.com,,,
276,Employee Management,sponsored post,https://www.progressivecattle.com/,44,https://www.progressivecattle.com/site/advertising/advertise,Contact Number,(208) 324-7513,,,
277,Employee Management,sponsored post,https://corporate.indiamart.com/,75,https://corporate.indiamart.com/advertise-with-indiamart/,Email,shankar.surya@indiamart.com,,,
278,Employee Management,sponsored post,https://www.nexcess.net/,61,https://www.nexcess.net/partners/,Contact Number,tel:866-639-2377,,,
279,Employee Management,sponsored post,https://www.valamis.com/,38,https://www.valamis.com/company/partners,Email,media@valamis.com,,,
280,Employee Management,sponsored post,https://www.forgov.qld.gov.au/,38,https://www.forgov.qld.gov.au/do-i-need-to-advertise-job-vacancy,Email,enquiries@datsip.qld.gov.au,,,
281,Employee Management,sponsored post,https://hr.studentlife.uiowa.edu/,86,https://hr.studentlife.uiowa.edu/managers-and-supervisors/hr-eforms/printable,Email,hr-studentlife@uiowa.edu,,,
282,Employee Management,sponsored post,https://getsling.com/,38,https://getsling.com/sling-partner-program/,Email,helgi@getsling.com,,,
283,Employee Management,sponsored post,https://www.employment.govt.nz/,56,https://www.employment.govt.nz/starting-employment/hiring/advertising-the-job/,Email,media@mbie.govt.nz,,,
284,Employee Management,sponsored post,https://www.peninsulagrouplimited.com/,50,https://www.peninsulagrouplimited.com/blog/pros-cons-advertising-internally/,Email,advice@peninsula-uk.com,,,
285,Employee Management,sponsored post,https://www.bdbpitmans.com/,41,https://www.bdbpitmans.com/insights/is-there-a-legal-requirement-to-advertise-every-job-vacancy/,Contact Number,44 (0)34 5222 9222,,,
286,Employee Management,sponsored post,https://www.business.govt.nz/,58,https://www.business.govt.nz/hiring-and-managing/hiring-people/advertising-and-interviewing/,Contact Form,,,,
287,Employee Management,sponsored post,https://www.workable.com/,77,https://www.workable.com/partners,Contact Form,,,,
288,Employee Management,sponsored post,https://resources.workable.com/,77,https://resources.workable.com/tutorial/best-way-advertise-job-openings-on-social,Contact Form,,,,
289,Employee Management,sponsored post,https://www.glassdoor.com/,90,https://www.glassdoor.com/employers/our-products/employer-branding/,Contact Number,tel:1-888-355-9323,,,
290,Employee Management,sponsored post,https://www.smartrecruiters.com/,74,https://www.smartrecruiters.com/recruiting-software/marketplace/,Email,supportfeedback@smartrecruiters.com,,,
291,Employee Management,sponsored post,https://www.enterpriseitworld.com/,30,https://www.enterpriseitworld.com/advertise-with-us/,Email,sanjib@accentinfomedia.com,,,
292,Employee Management,sponsored post,https://gethppy.com/,45,https://gethppy.com/sponsors-and-partners,Email,uskt@gethppy.com,,,
293,Employee Management,sponsored post,https://www2.fsrmagazine.com/,62,https://www.fsrmagazine.com/content/contact-us,Email,Nicole@foodnewsmedia.com,,,
294,Employee Management,sponsored post,https://www.humanresourcesonline.net/,55,https://www.humanresourcesonline.net/advertise,Email,carinec@humanresourcesonline.net,,,
295,Employee Management,sponsored post,https://www.bls.gov/,87,https://www.bls.gov/ooh/management/advertising-promotions-and-marketing-managers.htm,Contact Number,tel:12026915700,,,
296,Employee Management,sponsored post,https://www.cv-library.co.uk/,60,https://www.cv-library.co.uk/advertising-reach,Contact Form,,,,
297,Employee Management,sponsored post,https://content.wisestep.com/,63,https://content.wisestep.com/best-places-advertise-job-find-best-employee/,Contact Form,,,,
298,Employee Management,sponsored post,https://www.encompasshealth.com/,54,https://www.encompasshealth.com/partner-with-us,Contact Form,,,,
299,Employee Management,sponsored post,https://www.southeasttech.edu/,40,https://www.southeasttech.edu/partner-with-us/sponsor-scholar.php,Contact Number,tel:800-247-0789,,,
300,Employee Management,sponsored post,https://www.bamboohr.com/,68,https://partners.bamboohr.com/,Contact Number,801-724-6600,,,
301,Employee Management,sponsored post,https://www.peoplemanagement.co.uk/,59,https://www.peoplemanagement.co.uk/experts/legal/check-sponsor-licence-expiry-date-avoid-home-office-penalties,Email,websiteenquiry@cipd.co.uk,,,
302,Employee Management,sponsored post,https://www.agilebusiness.org/,44,https://www.agilebusiness.org/page/Partners,Email,info@agilebusiness.org,,,
303,Employee Management,sponsored post,https://www.atlassian.com/,84,https://www.atlassian.com/partners,Contact Form,,,,
304,Employee Management,sponsored post,https://whatis.techtarget.com/,90,https://whatis.techtarget.com/about/advertising,Contact Form,,,,
305,Employee Management,sponsored post,https://www.wildapricot.com/,53,https://www.wildapricot.com/articles/how-to-get-sponsorship,Email,wildapricotaffiliates@allinclusivemarketing.com,,,
306,Employee Management,sponsored post,https://solarity.com/,21,https://solarity.com/how-important-is-an-effective-executive-sponsor-to-a-projects-success/,Email,info@solarity.com,,,
307,Employee Management,sponsored post,https://www.fahr.gov.ae/,30,https://www.fahr.gov.ae/Portal/en/about-fahr/initiatives/hr-club/become-sponsor.aspx,Contact Form,,,,
308,Employee Management,sponsored post,https://inforum.infor.com/,68,https://inforum.infor.com/sponsor-details-2019/,Contact Number,866-244-5479,,,
309,Employee Management,sponsored post,https://www.kingsleynapley.co.uk/,50,https://www.kingsleynapley.co.uk/our-people,Email,enquiries@kingsleynapley.co.uk,,,
310,Employee Management,sponsored post,https://www.lawbite.co.uk/,35,https://www.lawbite.co.uk/partner/types-of-partnership,Email,partners@lawbite.co.uk,,,
311,Employee Management,sponsored post,https://www.projectsmart.co.uk/,56,https://www.projectsmart.co.uk/being-a-project-sponsor-means-championing-a-cause.php,Contact Form,,,,
312,Employee Management,sponsored post,https://www.fragomen.com/,52,https://www.fragomen.com/attorney-advertising,Contact Form,,,,
313,Employee Management,sponsored post,https://iasservices.org.uk/,46,https://iasservices.org.uk/sponsorship-licences-and-visa-sponsorship/,Email,info@iasservices.org.uk,,,
314,Employee Management,sponsored post,https://www.gherson.com/,36,https://www.gherson.com/blog/sponsor-licences-what-are-they,Contact Form,,,,
315,Employee Management,sponsored post,https://www.randstadrisesmart.com/,51,https://www.randstadrisesmart.com/blog/how-get-executive-sponsorship-support-new-programs-hr,Email,sales@risesmart.com,,,
316,Employee Management,sponsored post,https://learn.marsdd.com/,61,https://learn.marsdd.com/article/clinical-trials-sponsors-and-sponsor-investigators/,Email,media@marsdd.com,,,
317,Employee Management,sponsored post,https://www.consultancy.com.au/,33,https://www.consultancy.com.au/partners,Email,info@consultancy.com.au,,,
318,Employee Management,sponsored post,https://latitudelaw.com/,30,https://latitudelaw.com/business-immigration/sponsor-licensing/,Email,gtracey@latitudelaw.com,,,
319,Employee Management,sponsored post,https://migrate-uk.com/,26,https://migrate-uk.com/sponsoring-workers/,Email,info@migrate-uk.com,,,
320,Employee Management,sponsored post,http://www.eiminstitute.org/,30,http://www.eiminstitute.org/sponsor-eimi,Contact Form,,,,
321,Employee Management,sponsored post,https://learn.wrike.com/,70,https://learn.wrike.com/partners/,Contact Number,1 877-779-74-53,,,
322,Employee Management,sponsored post,https://www.infotech.com/,51,https://www.infotech.com/partners,Contact Number,1-888-670-8889,,,
323,Employee Management,sponsored post,https://www.gov.uk/,94,https://www.gov.uk/uk-visa-sponsorship-employers/your-responsibilities,Contact Form,,,,
324,Employee Management,sponsored post,https://www.scopidea.com/,21,https://www.scopidea.com/blog/role-challenge-project-sponsor.html,Email,info@scopidea.com,,,
325,Employee Management,sponsored post,https://www.hrmagazine.co.uk/,63,https://www.hrmagazine.co.uk/advertising,Email,Edith.barrett@markallengroup.com,,,
326,Employee Management,sponsored post,https://www.manns-solutions.com/,15,https://www.manns-solutions.com/become-our-partner/,Email,enquiries@manns-solutions.com,,,
327,Employee Management,sponsored post,https://www.cbw.co.uk/,39,https://www.cbw.co.uk/2020/10/sponsor-licences-in-the-new-immigration-system/,Email,info@cbw.co.uk,,,
328,Employee Management,sponsored post,https://www.freemovement.org.uk/,55,https://www.freemovement.org.uk/tag/sponsor-licence/,Contact Form,,,,
329,Employee Management,sponsored post,https://www.employmentinnovations.com/,32,https://www.employmentinnovations.com/knowledge-base-hr/legal/obligations-as-a-business-sponsor/,Email,Info@employmentinnovations.com,,,
330,Employee Management,sponsored post,https://documentation.its.umich.edu/,93,https://documentation.its.umich.edu/node/255,Email,4help@umich.edu,,,
331,Employee Management,sponsored post,https://smithstonewalters.com/,24,https://smithstonewalters.com/2020/05/14/tier-2-sponsor-licence-key-personnel-roles-explained/,Email,info.india@smithstonewalters.com,,,
332,Employee Management,sponsored post,https://www.sponsor.com/,50,https://www.sponsor.com/sponsorship/,Email,info@www.sponsor.com,,,
333,Employee Management,sponsored post,https://www.cgsinc.com/,48,https://www.cgsinc.com/blog/why-it-s-important-for-ld-to-have-sponsor-from-c-suite,Contact Number,1-212-408-3800,,,
334,Employee Management,sponsored post,https://www.hg.org/,64,https://www.hg.org/legal-article-submission.asp,Contact Form,,,,
335,Employee Management,sponsored post,https://immigrationbarrister.co.uk/,35,https://immigrationbarrister.co.uk/business-immigration/sponsor-licences/,Email,info@richmondchambers.com,,,
336,Employee Management,sponsored post,https://brodies.com/,47,https://brodies.com/insights/employment-and-immigration/top-6-tips-for-applying-for-a-sponsor-licence/,Contact Form,,,,
337,Employee Management,sponsored post,https://altvia.com/,23,https://altvia.com/executive-sponsor-for-private-equity-software/,Contact Form,,,,
338,Employee Management,sponsored post,https://ichgcp.net/,46,https://ichgcp.net/5-sponsor,Email,contact@ichgcp.net,,,
339,Employee Management,sponsored post,https://www.prosci.com/,53,https://www.prosci.com/about/global-partners,Email,info_can@prosci.com,,,
340,Employee Management,sponsored post,https://www.truthlegal.com/,32,https://www.truthlegal.com/legal-guides/the-ultimate-guide-to-applying-for-a-tier-2-sponsor-licence/,Email,help@truthlegal.com,,,
341,Employee Management,sponsored post,https://citylegalservices.co.uk/,21,https://citylegalservices.co.uk/business-immigration/sponsor-licence-compliance/sms-management/,Email,info@citylegalservices.co.uk,,,
342,Employee Management,sponsored post,https://www.redfernlegal.com/,19,https://www.redfernlegal.com/practice-areas/business-and-family-immigration/tier-2-sponsor-licence/,Email,info@redfernlegal.com,,,
343,Employee Management,sponsored post,https://www.davidsonmorris.com/,39,https://www.davidsonmorris.com/tier-2-sponsor-guidance/,Contact Form,,,,
344,Employee Management,sponsored post,https://www.complygate.co.uk/,15,https://www.complygate.co.uk/tier-2-sponsor,Email,info@complygate.co.uk,,,
345,Employee Management,sponsored post,https://workpermit.com/,60,https://workpermit.com/immigration/united-kingdom/tier-2-sponsor-licence-application-how-apply,Email,london@workpermit.com,,,
484,Task Management Software,sponsored post,https://wuzzuf.net/,42,https://wuzzuf.net/partners,Contact Form,,,,
485,Task Management Software,sponsored post,https://www.startribunecompany.com/,41,https://www.startribunecompany.com/contact-us/#advertising_sales,Email,steve.yaeger@startribune.com,,,
486,Task Management Software,sponsored post,https://www.bit.com.au/,49,https://www.bit.com.au/page/advertising,Email,anjackson@nextmedia.com.au,,,
487,Task Management Software,sponsored post,https://www.cozi.com/,63,https://www.cozi.com/advertising-opportunities/,Contact Form,,,,
488,Task Management Software,sponsored post,https://www.efinancialcareers.com/,66,http://recruiters.efinancialcareers.com/us/contact-us/?_ga=2.102441026.2129025540.1604292456-620225670.1603258267,Contact Form,,,,
489,Task Management Software,sponsored post,https://www.chieflearningofficer.com/,58,https://www.chieflearningofficer.com/media-kit/,Email,kfields@humancapitalmedia.com,,,
490,Task Management Software,sponsored post,https://www.officer.com/,65,https://cityservices.endeavorb2b.com/officer/,Email,Tom@Officer.com,,,
491,Task Management Software,sponsored post,https://www.hearstmediasa.com/,14,https://www.hearstmediasa.com/?_ga=2.13431678.815550648.1604292498-1192257473.1604292487,Contact Form,,,,
492,Task Management Software,sponsored post,https://breezy.hr/,61,xbreezy.hr/partners,Contact Form,,,,
493,Task Management Software,sponsored post,https://www.prnewsonline.com/,61,https://www.prnewsonline.com/prn-media-kit/,Email,dbrooks@accessintel.com,,,
494,Task Management Software,sponsored post,https://redmondmag.com/,68,https://1105ecg.com/pages/redmond.aspx,Email,dlabianca@1105media.com,,,
495,Task Management Software,sponsored post,https://contentmarketinginstitute.com/,76,https://contentmarketinginstitute.com/about/advertise/,Email,cmi_info@ubm.com,,,
496,Task Management Software,sponsored post,https://creativesfeed.com/,26,https://creativesfeed.com/privacy-policy/,Email,talk@deltstl.com,,,
497,Task Management Software,sponsored post,https://education.hootsuite.com/,89,https://education.hootsuite.com/courses/advanced-social-advertising-exam,Email,@HootsuiteHelp.com,,,
498,Task Management Software,sponsored post,https://novobrief.com/,49,https://novobrief.com/advertise/,Email,info@publicize.co,,,
499,Task Management Software,sponsored post,https://www.discovercloud.com/,36,https://www.discovercloud.com/campaign,Contact Number,972-722-555-373,,,
500,Task Management Software,sponsored post,https://www.projectmanagerjobs.co.uk/,23,https://www.projectmanagerjobs.co.uk/info/advertise-a-job,Email,sales@technojobs.co.uk,,,
701,Task Management Software,sponsored post,https://www.docker.com/,89,https://www.docker.com/partners,Contact form,,,,
702,Task Management Software,sponsored post,https://www.themanufacturer.com/,62,https://www.themanufacturer.com/advertise/,Email,sales-uk@hennikgroup.com,,,
703,Task Management Software,sponsored post,https://saaslist.com/,20,https://saaslist.com/advertise/,Email,contact@saaslist.com.,,,
704,Task Management Software,sponsored post,https://www.softwareadvice.com/,67,https://www.softwareadvice.com/advertising-agency/#buyers-guide,Contact Number,tel:+1(844)687-6771,,,
705,Task Management Software,sponsored post,https://geekflare.com/,46,https://geekflare.com/advertise/,Contact form,,,,
706,Task Management Software,sponsored post,https://en-gb.facebook.com/,96,https://en-gb.facebook.com/business/help?ref=fbb_ens,Contact form,,,,
707,Task Management Software,sponsored post,https://www.creativebloq.com/,87,https://www.creativebloq.com/features/advertising,Email,michael.pyatt@futurenet.com,,,
708,Task Management Software,sponsored post,https://digitalagencynetwork.com/,49,https://digitalagencynetwork.com/advertise-on-dan/,Email,info@danglobal.com,,,
709,Task Management Software,sponsored post,https://project-management.com/,59,https://project-management.com/advertise/,Email,editor@project-management.com,,,
710,Task Management Software,sponsored post,https://www.gartner.com/,90,https://www.gartner.com/en/digital-markets/get-started?utm_source=Capterra&utm_medium=Website&utm_campaign=Capterra_Estimate_Redirect,Contact Number,tel:17035841800,,,
711,Task Management Software,sponsored post,https://www.kioware.com/,42,https://www.kioware.com/partners.aspx,Email,eurosales@kioware.com,,,
712,Task Management Software,sponsored post,https://www.rigzone.com/,72,https://www.rigzone.com/mediakit/,Email,advertise@rigzone.com,,,
713,Task Management Software,sponsored post,https://www.fleetowner.com/,61,https://cv.endeavorb2b.com/fleet-owner/,Email,plovato@endeavorb2b.com,,,
714,Task Management Software,sponsored post,https://apexassembly.com/,21,https://apexassembly.com/sponsorspotlight-cio-central-virtual-summit-november,Email,info@apexassembly.com,,,
715,Task Management Software,sponsored post,https://myedmondsnews.com/,57,https://myedmondsnews.com/we-love-our-advertisers/,Email,hello@scratchdistillery.com,,,
716,Task Management Software,sponsored post,https://telecom.economictimes.indiatimes.com/,93,https://telecom.economictimes.indiatimes.com/contact_us.php,Email,contactus@ettelecom.com,,,
717,Task Management Software,sponsored post,https://brandequity.economictimes.indiatimes.com/,93,https://brandequity.economictimes.indiatimes.com/news/advertising,Email,contactus@etbrandequity.com,,,
718,Task Management Software,sponsored post,https://service.prweb.com/,91,https://service.prweb.com/about/partners/,Contact form,,,,
719,Task Management Software,sponsored post,https://www.italliance.com/,29,https://www.italliance.com/sponsors-listing/,Email,ita@italliance.com,,,
720,Task Management Software,sponsored post,https://www.hydrocarbonprocessing.com/,52,https://www.hydrocarbonprocessing.com/pages/advertising-information,Contact form,,,,
721,Task Management Software,sponsored post,https://epc-hub.com/,17,https://epc-hub.com/#sponsorship,Email,info@eusacon.com,,,
722,Task Management Software,sponsored post,https://analytics.ncsu.edu/,90,https://analytics.ncsu.edu/?page_id=2874,Contact Number,919-513-1633,,,
723,Task Management Software,sponsored post,https://www.copperproject.com/,39,https://www.copperproject.com/partners/,Email,Partners@copperproject.com,,,
724,Task Management Software,sponsored post,https://pages.semanticscholar.org/,81,https://pages.semanticscholar.org/data-partners,Contact form,,,,
725,Task Management Software,sponsored post,https://www.telecom-sudparis.eu/,52,https://www.telecom-sudparis.eu/en/become-a-corporate-sponsor/,Contact Number,33 (0)1 60 76 40 40,,,
726,Task Management Software,sponsored post,https://insights.ehotelier.com/,54,https://insights.ehotelier.com/submit-an-article/,Contact form,,,,
727,Task Management Software,sponsored post,https://angel.co/,87,https://angel.co/company/sponsormyclub,Contact form,,,,
728,Task Management Software,sponsored post,https://www.workfront.com/,64,https://www.workfront.com/partners,Contact form,,,,
729,Task Management Software,sponsored post,https://www.cimdata.com/,43,cimdata.com/en/education/plm-conferences/2018-plmrmeurope-pdt/2018-plmrmeurope-pdt-sponsors,Email,g.litjens@CIMdata.com,,,
730,Task Management Software,sponsored post,https://brettterpstra.com/,52,https://brettterpstra.com/sponsorship/,Contact form,,,,
731,Task Management Software,sponsored post,https://careers.covance.com/,57,https://careers.covance.com/global/en/job/53169/Clinical-Trial-Assistant-Finance-sponsor-dedicated,Email,@covance.com,,,
732,Task Management Software,sponsored post,https://www.matrixmanagementinstitute.com/,25,https://www.matrixmanagementinstitute.com/blog/dont-forget-project-sponsor/,Contact form,,,,
733,Task Management Software,sponsored post,https://workep.com/,39,https://workep.com/partners.html,Contact form,,,,
734,Task Management Software,sponsored post,https://www.globalknowledge.com/,66,https://www.globalknowledge.com/us-en/company/partner/,Email,resellers@globalknowledge.com,,,
735,Task Management Software,sponsored post,https://sdm.mit.edu/,93,https://sdm.mit.edu/industry-employers/sponsor-employees-research-projects/sdm-core-integrated-team-projects/,Email,sdm-teamproject@mit.edu,,,
736,Task Management Software,sponsored post,https://www.arraspeople.co.uk/,45,https://www.arraspeople.co.uk/camel-blog/pm-leadership/how-to-work-effectively-with-your-project-sponsor/,Contact form,,,,
737,Task Management Software,sponsored post,https://www.easyprojects.net/,47,https://www.easyprojects.net/partner-program/,Contact Number,tel:14169079944,,,
738,Task Management Software,sponsored post,https://www.iso-ne.com/,54,https://www.iso-ne.com/participate/applications-status-changes/qtps-application-annual-certification/,Email,bkay@iso-ne.com,,,
739,Task Management Software,sponsored post,https://www.cvent.com/,80,https://www.cvent.com/en/become-partner,Contact form,,,,
740,Task Management Software,sponsored post,https://dtw.tmforum.org/,57,https://dtw.tmforum.org/sponsor-exhibit-2/,Email,register@tmforum.org,,,
741,Task Management Software,sponsored post,https://wiki.optimy.com/,38,https://wiki.optimy.com/category/advertising/,Contact Number,14167056140,,,
742,Task Management Software,sponsored post,https://www.ted.com/,93,https://www.ted.com/participate/organize-a-local-tedx-event/community-resources/tools-how-to-s/sponsor-marketplace,Email,tedx@ted.com,,,
743,Task Management Software,sponsored post,https://www.pharmtech.com/,54,https://www.pharmtech.com/view/project-management-and-cmo-sponsor-relations,Email,SandraLueken@hollister-stier.com,,,
744,Task Management Software,sponsored post,https://www.cprime.com/,45,https://www.cprime.com/resource/case-study/case-study-jira-service-desk-implementation-at-the-trade-desk/,Contact form,,,,
745,Task Management Software,sponsored post,https://congrex.com/,43,https://congrex.com/blog/event-sponsorship-benefits-business/,Email,info@congrex.com,,,
746,Task Management Software,sponsored post,https://www.capacitymedia.com/,69,https://www.capacitymedia.com/advertise,Email,info@capacitymedia.com,,,
747,Task Management Software,sponsored post,https://dailyremote.com/,27,https://dailyremote.com/sponsorship,Contact form,,,,
748,Task Management Software,sponsored post,https://wptavern.com/,54,https://wptavern.com/eslint-maintainers-share-challenges-of-funding-open-source-utilities-through-sponsorship,Contact form,,,,
749,Task Management Software,sponsored post,http://free-job-descriptions.com/,22,http://free-job-descriptions.com/sponsorship-account-manager/4561037321,Contact form,,,,
750,Task Management Software,sponsored post,https://www.mscsoftware.com/,55,https://www.mscsoftware.com/Technology-Partners/Performance-Partners,Email,info-msc@mscsoftware.com,,,
751,Task Management Software,sponsored post,https://www.isaca.org/,75,https://www.isaca.org/training-and-events/sponsorship-opportunities,Contact Number,1-844-472-2246,,,
752,Task Management Software,sponsored post,https://www.slideserve.com/,61,https://www.slideserve.com/cole-rose/project-sponsorship,Contact form,,,,
753,Task Management Software,sponsored post,https://paltc.org/,50,https://paltc.org/job-board/exhibits-and-sponsorship-manager,Email,hr@paltc.org,,,
754,Task Management Software,sponsored post,https://www.workopolis.com/,63,https://www.workopolis.com/jobsearch/visa-sponsorship-jobs/canada?job=szbtXjOhb6B4kGH0REoulbjoZakJWH8TCfm5UuNnPybJb0Bs13SsBA,Contact form,,,,
755,Task Management Software,sponsored post,https://www.shutterstock.com/,93,https://www.shutterstock.com/search/sponsorshi,Contact form,,,,
756,Task Management Software,sponsored post,https://www.jotform.com/,84,https://www.jotform.com/partnership/,Contact form,,,,
757,Task Management Software,sponsored post,https://link.springer.com/,92,https://link.springer.com/article/10.1057/jit.2008.23?shared-article-renderer,Contact form,,,,
758,Task Management Software,sponsored post,https://www.3ds.com/,77,https://www.3ds.com/partners/,Contact Number,81 3 4321 3500,,,
759,Task Management Software,sponsored post,https://blog.iil.com/,47,https://blog.iil.com/tag/project-sponsorship/,Email,learning@iil.com,,,
760,Task Management Software,sponsored post,https://blog.prosci.com/,53,https://blog.prosci.com/3-reasons-executives-fail-at-sponsorship,Email,info_can@prosci.com,,,
761,Task Management Software,sponsored post,https://www.silvercloudhr.co.uk/,17,https://www.silvercloudhr.co.uk/project-sponsorship-six-pitfalls-to-avoid/#,Contact form,,,,
762,Task Management Software,sponsored post,https://apply.surveymonkey.com/,93,https://apply.surveymonkey.com/solutions/sponsorships/,Contact form,,,,
763,Task Management Software,sponsored post,https://jobs.smartrecruiters.com/,74,https://jobs.smartrecruiters.com/FreeTheChilden/85102916-coordinator-sponsorship-activation,Contact form,,,,
764,Task Management Software,sponsored post,https://www.apache.org/,93,https://www.apache.org/foundation/sponsorship.html,Email,fundraising@apache.org,,,
765,Task Management Software,sponsored post,https://back2back.org/,41,https://back2back.org/career/child-sponsorship-coordinator-india/,Email,info@back2back.org,,,
766,Task Management Software,sponsored post,https://regoconsulting.com/,23,https://regoconsulting.com/pmo-sponsorship-changes-everything/,Email,info@regoconsulting.com,,,
767,Task Management Software,sponsored post,https://www.quickbase.com/,63,https://www.quickbase.com/blog/project-sponsorship-101,Contact Number,tel:18557252293,,,
768,Task Management Software,sponsored post,https://thelazyprojectmanager.wordpress.com/,30,https://thelazyprojectmanager.wordpress.com/tag/strategies-for-project-sponsorship/,Email,peter.b.taylor@btinternet.com,,,
769,Task Management Software,sponsored post,https://www.fox34.com/,59,https://www.fox34.com/story/42228286/exhibitday-launches-event-sponsorship-management-toolkit-for-conference-sponsors/,Email,news@fox34.com,,,
770,Task Management Software,sponsored post,https://sponsorship.org/,43,https://sponsorship.org/qualifications/,Email,esaoffice@sponsorship.org,,,
771,Task Management Software,sponsored post,https://www.cadmiumcd.com/,40,https://www.cadmiumcd.com/cadmiumcd/new/partners/,Email,info@cadmiumcd.com,,,
772,Task Management Software,sponsored post,https://events.grenadine.co/,50,https://events.grenadine.co/event-planning-software/event-planning-tips/toolbox-sponsorship-forms/,Contact Number,1 646 780 7906,,,
773,Task Management Software,sponsored post,https://www.vanharen.net/,41,https://www.vanharen.net/blog/successful-project-sponsorship-a-time-saver-for-the-busy-executive/,Email,info@vanharen.net,,,
774,Task Management Software,sponsored post,https://uit.stanford.edu/,93,https://uit.stanford.edu/service/sponsorship,Contact form,,,,
775,Task Management Software,sponsored post,https://medevel.com/,28,https://medevel.com/sponsorship/,Email,hamza@medevel.com,,,
776,Task Management Software,sponsored post,https://github.com/,96,https://github.com/sponsors,Contact form,,,,
777,Task Management Software,sponsored post,https://apmg-international.com/,52,https://apmg-international.com/partners,Email,US-Operations@apmg-international.com,,,
778,Task Management Software,sponsored post,https://ultraconsultants.com/,41,https://ultraconsultants.com/erp-software-blog/erp-executive-sponsorship/,Contact form,,,,
779,Task Management Software,sponsored post,https://altairuniversity.com/,41,https://altairuniversity.com/sponsorship-competitions/,Contact form,,,,
780,Task Management Software,sponsored post,https://www.zoho.com/,87,https://www.zoho.com/backstage/manage-sponsorships.html,Email,support@zohobackstage.com,,,
781,Task Management Software,sponsored post,https://www.getapp.com/,62,https://www.getapp.com/nonprofit-software/a/optimy/,Email,info@getapp.com,,,
782,Task Management Software,sponsored post,https://www.villanovau.com/,53,https://www.villanovau.com/resources/project-management/why-your-project-needs-executive-sponsorship/,Email,info@villanovau.com,,,
783,Task Management Software,sponsored post,https://www.amazon.com/,96,https://www.amazon.com/Project-Sponsorship-Essential-Sponsoring-Organizations/dp/0566088886,Contact form,,,,
784,Task Management Software,sponsored post,https://www.hellosponsor.com/,25,https://www.hellosponsor.com/,Email,info@hellosponsor.com,,,
785,Task Management Software,sponsored post,https://onlinepmcourses.com/,33,https://onlinepmcourses.com/rogue-project-sponsor/,Contact form,,,,
786,Task Management Software,sponsored post,https://www.donor.com/,23,https://www.donor.com/pledge-and-sponsorship-software,Email,info@donor.com,,,
787,Task Management Software,sponsored post,https://www.socialtables.com/,53,https://www.socialtables.com/blog/event-planning/ways-to-attract-sponsors/,Email,support@socialtables.com,,,
788,Task Management Software,sponsored post,https://www3.technologyevaluation.com/,49,https://www3.technologyevaluation.com/sd/category/event-management/Features/sponsorship-management,Contact form,,,,
789,Task Management Software,sponsored post,https://www.projectmanager.com/,56,https://www.projectmanager.com/blog/lead-your-project-sponsor,Contact form,,,,
790,Task Management Software,sponsored post,https://www.wrike.com/,70,https://www.wrike.com/blog/successful-project-sponsorship/,Contact form,,,,
791,Task Management Software,sponsored post,https://www.24-7pressrelease.com/,63,https://www.24-7pressrelease.com/press-release/473288/exhibitday-announces-free-sponsorship-tracking-and-management-tools-for-conference-sponsors,Contact Number,1 888-880-9539,,,
792,Task Management Software,sponsored post,https://www.cabinetm.com/,39,https://www.cabinetm.com/product/optimy/sponsorship-management-software,Email,eross@cabinetm.com,,,
793,Task Management Software,sponsored post,https://www.optimy.com/,38,https://www.optimy.com/sponsorship-management/,Contact Number,14167056140,,,
794,Task Management Software,sponsored post,https://www.gristprojectmanagement.us/,14,https://www.gristprojectmanagement.us/,Email,info@gristprojectmanagement.us,,,
795,Task Management Software,sponsored post,https://corasystems.com/,29,https://corasystems.com/blog/role-and-responsibilities-of-a-project-sponsor/,Email,info@corasystems.com,,,
796,Task Management Software,sponsored post,https://www.macstories.net/,80,https://www.macstories.net/sponsored/ticktick-your-lightweight-all-in-one-task-manager-sponsor/,Email,team@macstories.net,,,
797,Task Management Software,sponsored post,https://www.praxisframework.org/,30,https://www.praxisframework.org/en/resource-pages/the-sponsor-manager-relationship,Contact form,,,,
798,Task Management Software,sponsored post,https://meisterplan.com/,33,https://meisterplan.com/blog/what-is-a-project-sponsor/,Email,sales@meisterplan.com,,,
799,Task Management Software,sponsored post,https://www.henricodolfing.com/,25,https://www.henricodolfing.com/2019/05/how-to-be-a-great-executive-project-sponsor.html,Email,henrico.dolfing@data-solutions.ch,,,
800,Task Management Software,sponsored post,https://www.mpug.com/,42,https://www.mpug.com/the-pmo-as-the-project-sponsor/,Email,info@mpug.com,,,
828,Task Management Software,sponsored post,https://www.enr.com/,64,https://www.enr.com/topics/67-sponsored-content,Email,ENR.com@bnpmedia.com,,,
829,Task Management Software,sponsored post,https://stockhouse.com/,82,https://stockhouse.com/corporate/advertising,Email,submissions@stockhouse.com,,,
830,Task Management Software,sponsored post,https://directlauncher.com/,34,https://directlauncher.com/advertise-with-us/,contact form,,,,
831,Task Management Software,sponsored post,https://www.ipe.com/,61,https://www.ipe.com/print-advertising-rates-and-specifications,Email,ben.pritchett-brown@ipe.com,,,
832,Task Management Software,sponsored post,https://www.morningstar.com/,86,https://www.morningstar.com/news/business-wire/20201102005666/online-survey-software-market-to-grow-faster-in-apac-and-south-america-through-2024-technavio,Email,media@technavio.com,,,
833,Task Management Software,sponsored post,https://www.proactis.com/,44,https://www.proactis.com/us/company/news/2020/january/proactis-to-present-keynote-sessions-at-eworld/,Contact Number,tel:+1 757 766 8211,,,
834,Task Management Software,sponsored post,https://www.validity.com/,59,https://www.validity.com/return-path-to-sponsor-at-etail-canada/,Email,sales@validity.com,,,
835,Task Management Software,sponsored post,https://www.adobe.com/,98,https://www.adobe.com/max/2020/sponsors.html,contact form,,,,
836,Task Management Software,sponsored post,https://www.industrialinfo.com/,45,https://www.industrialinfo.com/advertise/,Email,customerservice@industrialinfo.com,,,
837,Task Management Software,sponsored post,https://www.kinematik.com/,21,https://www.kinematik.com/news-events/kinematik-to-sponsor-opentext-enterprise-world-2014,contact form,,,,
838,Task Management Software,sponsored post,https://www.logisticsit.com/,43,https://www.logisticsit.com/articles/2007/07/18/2951-ssi-to-sponsor-first-fresh-produce-category-at-2007-food-manufacture-excellence,contact form,,,,
839,Task Management Software,sponsored post,https://www.salesleadmgmtassn.com/,36,https://www.salesleadmgmtassn.com/article.cfm?id=396,contact form,,,,
840,Task Management Software,sponsored post,https://www.atmia.com/,52,https://www.atmia.com/connections/sponsors/,Email,dana.benson@atmia.com,,,
841,Task Management Software,sponsored post,https://www.sehinc.com/,42,https://www.sehinc.com/news/where-your-career-going-would-you-mentor-advocate-sponsor,contact form,,,,
842,Task Management Software,sponsored post,https://blog.hubilo.com/,38,https://blog.hubilo.com/companies-approach-event-sponsorship/,Email,sales@hubilo.com,,,
843,Task Management Software,sponsored post,https://assets.publishing.service.gov.uk/,86,https://assets.publishing.service.gov.uk/government/uploads/system/uploads/attachment_data/file/924528/2020-10-01_Tier-2-5-sponsor-guidance_Oct-2020.pdf,Email,occupation.information@ons.gov.uk,,,
844,Task Management Software,sponsored post,https://immi.homeaffairs.gov.au/,77,https://immi.homeaffairs.gov.au/visas/employing-and-sponsoring-someone/sponsoring-workers/nominating-a-position/labour-agreements,contact form,,,,
845,Task Management Software,sponsored post,https://agentismanagement.com/,16,https://agentismanagement.com/case-study-sponsorship-development,Email,info@agentismanagement.com,,,
846,Task Management Software,sponsored post,https://www.clinicalleader.com/,48,https://www.clinicalleader.com/doc/media-kit-request-0002,Contact Number,(724) 940-7555,,,
847,Task Management Software,sponsored post,https://thedigitalprojectmanager.com/,48,https://thedigitalprojectmanager.com/sponsorship-advertising/,contact form,,,,
848,Task Management Software,sponsored post,https://mattgemmell.com/,59,https://mattgemmell.com/sponsor-stack/,contact form,,,,
849,Task Management Software,sponsored post,kioware.com,42,kioware.com/partners.aspx,contact form,,,,
850,Task Management Software,sponsored post,https://usgbc.cventevents.com/,38,https://usgbc.cventevents.com/event/67e74012-f45c-4f6d-9257-e0799ac36a3b/websitePage:34758b1b-f497-4481-96b3-58e2fcd7c45c?creative=476379047030&keyword=sponsor%20event&matchtype=b&network=g&device=c&gclid=CjwKCAiA-f78BRBbEiwATKRRBHtP451wHipsWZNbQVKebJ3PvxQc3xf7tuGuL0drKxAGmdYBanfypxoC-4EQAvD_BwE,Email,sponsorship@usgbc.org.,,,
851,Task Management Software,sponsored post,https://conferences.shrm.org/,76,https://conferences.shrm.org/exhibit-or-sponsor?_ga=2.198219887.1951458082.1604305063-1279819375.1603971001,Email,prodev@shrm.org,,,
852,Task Management Software,sponsored post,https://pmineo.org/,26,https://pmineo.org/sponsors/overview-sponsors,Email,webmaster@pmineo.org,,,
853,Task Management Software,sponsored post,https://www.computerweekly.com/,83,https://www.computerweekly.com/about/advertising,contact form,,,,
854,Task Management Software,sponsored post,https://www.sagitec.com/,29,https://www.sagitec.com/pension-software-company/press-releases/sagitec-diamond-sponsor-at-the-2019-naswa-workforce-summit,Email,info@sagitec.com,,,
855,Task Management Software,sponsored post,https://www.wpi.edu/,75,https://www.wpi.edu/academics/departments/data-science/graduate-qualifying-project/sponsor-perspectives,Email,rundenst@wpi.edu,,,
856,Task Management Software,sponsored post,https://starwest.techwell.com/,51,https://starwest.techwell.com/expo/conference-sponsor-level/silver-sponsor,Contact Number,202-558-6885,,,
857,Task Management Software,sponsored post,https://galvestonsownfarmersmarket.com/,31,https://galvestonsownfarmersmarket.com/donate-sponsor,Email,casey@gofarmersmarket.com,,,
858,Task Management Software,sponsored post,https://www.smallpeice.com/,20,https://www.smallpeice.com/BrowserPage.aspx?type=group&id=61,Email,train@smallpeice.co.uk,,,
859,Task Management Software,sponsored post,https://jobs.iqvia.com/,70,https://jobs.iqvia.com/job/reading/associate-clinical-project-management-director-for-cns-sponsor-dedicated/24443/16319174,contact form,,,,
860,Task Management Software,sponsored post,https://www.archimetric.com/,18,https://www.archimetric.com/project-initiator-vs-project-sponsor-project-management/,contact form,,,,
861,Task Management Software,sponsored post,https://www.construction-institute.org/,45,https://www.construction-institute.org/resources/knowledgebase/project-functions-or-roles/project-business-sponsor,contact form,,,,
862,Task Management Software,sponsored post,https://mymanagementguide.com/,34,https://mymanagementguide.com/project-sponsor-indentifying-project-sponsor-role-and-responsibilities/,contact form,,,,
863,Task Management Software,sponsored post,https://www.businesstimes.com.sg/,79,https://www.businesstimes.com.sg/banking-finance/ants-lead-ipo-sponsor-cicc-jumps-44-in-debut,Email,btuserfeedback@sph.com.sg,,,
864,Task Management Software,sponsored post,https://developer.nationwide.com/,69,https://developer.nationwide.com/partnership,contact form,,,,
865,Task Management Software,sponsored post,https://www.printingnews.com/,42,https://www.printingnews.com/events/sgia-expo/press-release/21145971/printing-united-alliance-the-printing-united-digital-experience-wraps-up-the-first-week-with-remarkable-global-participation-and-viewership,Email,jnoonan@printing.org,,,
866,Task Management Software,sponsored post,https://www.sdmmag.com/,49,https://www.sdmmag.com/advertise,Contact Number,(248) 362-3700,,,
867,Task Management Software,sponsored post,https://www.prosoundweb.com/,57,https://www.prosoundweb.com/sponsors/,Email,customerservice@ehpub.com,,,
868,Task Management Software,sponsored post,https://www.bignewsnetwork.com/,67,https://www.bignewsnetwork.com/news/266853545/bcci-announces-jio-as-title-sponsor-for-2020-women-t20-challenge,contact form,,,,
869,Task Management Software,sponsored post,https://www.itprotoday.com/,80,https://www.itprotoday.com/advertise-itprotodaycom,Contact Number,(913) 967-1719,,,
870,Task Management Software,sponsored post,https://thinkrealty.com/,43,https://thinkrealty.com/sponsorship/,contact form,,,,
871,Task Management Software,sponsored post,https://virtual-strategy.com/,63,https://virtual-strategy.com/2020/10/31/light-renews-as-silver-sponsor-for-gnex-2021-conference/,Email,vthread@virtual-strategy.com,,,
872,Task Management Software,sponsored post,https://prnewsleader.com/,25,https://prnewsleader.com/uncategorized/1468255/financial-sponsor-syndicated-loans-market-trends-regulations-and-competitive-landscape-outlook-to-2020-2026/,Email,rohit@tmrresearch.com,,,
889,Task Management Software,guest post,https://www.brightpod.com/,39,https://writetodone.com/guest-posts-guidelines/,Email,editor.writetodone@gmail.com,,,
890,Task Management Software,guest post,https://seo-hacker.com/,51,https://seo-hacker.com/guest-post/,Email,tribe@seo-hacker.net,,,
891,Task Management Software,guest post,https://blog.issart.com/,36,https://blog.issart.com/guest-post-guidelines/,Email,crm@issart.com,,,
892,Task Management Software,guest post,https://beanstalkwebsolutions.com/,33,https://beanstalkwebsolutions.com/blog/guest-post-guidelines/,Email,info@beanstalkwebsolutions.com,,,
893,Task Management Software,guest post,https://couplemoney.com/,49,https://couplemoney.com/write-for-cm/,Email,elle@couplemoney.com,,,
894,Task Management Software,guest post,https://www.hiringthing.com/,47,https://www.hiringthing.com/guest-blog-guidelines,Email,marketing@hiringthing.com,,,
895,Task Management Software,guest post,https://writershelpingwriters.net/,47,https://writershelpingwriters.net/guest-post-policy/,Contact Form,,,,
896,Task Management Software,guest post,https://aquilacommercial.com/,34,https://aquilacommercial.com/write-for-aquila/,Contact Form,,,,
897,Task Management Software,guest post,https://neatly.io/,37,https://neatly.io/guest-post-guidelines/,Email,hello@neatly.io,,,
898,Task Management Software,guest post,https://www.ictworks.org/,53,https://www.ictworks.org/guest-post-guidelines/#.X6ENiIgzaM8,Email,wayan@wayan.com,,,
899,Task Management Software,guest post,https://www.bigapplemedia.com/,29,https://www.bigapplemedia.com/guest-blog/,Email,info@bigapplemedia.com,,,
900,Task Management Software,guest post,https://www.uniwebb.com/,21,https://www.uniwebb.com/technology-guest-blog-guidelines/,Email,articles@uniwebb.com,,,
921,Task Management Software,guest post,https://blog.ganttpro.com/,44,https://blog.ganttpro.com/en/guideline-to-submit-a-guest-post-for-ganttpro/,Contact Form,,,,
922,Task Management Software,guest post,https://ipadinsight.com/,55,https://ipadinsight.com/guest-posts/,Contact Form,,,,
923,Task Management Software,guest post,https://www.actitime.com/,47,https://drive.google.com/file/d/1dw3MapsS05ONGsNKdMNbcWj0L8R4Bzym/view,Email,guest.post@actitime.com,,,
924,Task Management Software,guest post,https://www.foundersbeta.com/,30,https://www.foundersbeta.com/submit-guest-post/,Contact Form,,,,
925,Task Management Software,guest post,https://www.rogeriodasilva.com/,23,http://www.rogeriodasilva.com/guest-post-submition/,Contact Form,,,,
926,Task Management Software,guest post,https://www.cloudsecuretech.com/,22,https://www.cloudsecuretech.com/write-for-us/,Contact Form,,,,
927,Task Management Software,guest post,https://www.verblio.com/,49,https://www.verblio.com/contact,Contact Form,,,,
928,Task Management Software,guest post,https://newspapers.ushmm.org/,86,https://newspapers.ushmm.org/blog/2017/04/18/guest-post-research-tips-from-the-trenches/#,Email,historyunfolded@ushmm.org,,,
929,Task Management Software,guest post,https://bloomingtonin.citymomsblog.com/,63,https://bloomingtonin.citymomsblog.com/partner-with-us/submit-a-guest-post/,Email,info@bloomingtonINmomsblog.com,,,
930,Task Management Software,guest post,https://serpstat.com/,54,https://serpstat.com/blog/how-to-submit-a-guest-post-to-serpstat-blog/,Email,stacy@serpstat.com,,,
931,Task Management Software,guest post,https://www.fairwaydivorce.com/,37,https://www.fairwaydivorce.com/blog/submit-a-blog-post,Contact Form,,,,
68,Team Collaboration,guest post,https://www.ismartrecruit.com/,33,https://www.ismartrecruit.com/write-for-us,Email,marketing@ismartrecruit.com,,,
69,Team Collaboration,guest post,https://marquimanagement.com/,40,https://marquimanagement.com/info/company/culture/write-for-us-a-new-guest-posting-opportunity/,Email,info@marquimanagement.com,,,
70,Team Collaboration,guest post,http://blog.maestroconference.com/,49,http://blog.maestroconference.com/write-for-us/,Contact Form,,,,
71,Team Collaboration,guest post,https://quoracreative.com/,41,https://quoracreative.com/Info/write-for-us,Email,info@quoracreative.com,,,
72,Team Collaboration,guest post,paldesk.com,33,https://www.paldesk.com/guest-bloggers/,Contact Form,,,,
73,Team Collaboration,guest post,https://divvyhq.com/,48,https://divvyhq.com/write-for-us-2/,Contact Form,,,,
74,Team Collaboration,guest post,https://smartyads.com/,52,https://smartyads.com/write-for-us,Contact Form,,,,
75,Team Collaboration,guest post,https://expresswriters.com/,53,https://expresswriters.com/write-blog/,Contact Form,,,,
76,Team Collaboration,guest post,https://www.springernature.com/,67,https://www.springernature.com/gp/macmillaneducation/work-with-us,Email,thea.sherer@springernature.com,,,
77,Team Collaboration,guest post,https://technode.com/,84,https://technode.com/write-for-us/,Email,lixin@technode.com,,,
78,Team Collaboration,guest post,https://www.tristarsavannah.com/,21,https://www.tristarsavannah.com/guest-post-guidelines/,Email,matt@tristarsavannah.com,,,
79,Team Collaboration,guest post,https://www.proprofsdesk.com/,22,https://www.proprofs.com/c/write-for-us/,Email,editor@proprofs.com,,,
80,Team Collaboration,guest post,https://magnetoitsolutions.com/,40,https://magnetoitsolutions.com/write-for-us,Email,magnetoitsolutionsind@gmail.com,,,
81,Team Collaboration,guest post,https://seomator.com/,37,https://seomator.com/blog/write-for-us,Contact Form,,,,
82,Team Collaboration,guest post,https://www.andcards.com/,34,https://www.andcards.com/blog/write-for-us/,Email,blog@andcards.com,,,
83,Team Collaboration,guest post,https://www.freeconferencecall.com/,61,https://www.freeconferencecall.com/blog/write-for-us,Email,guestblog@freeconferencecall.com,,,
84,Team Collaboration,guest post,https://www.birdsofafeatherpress.com/,32,https://www.birdsofafeatherpress.com/write-for-us/,Contact Form,,,,
85,Team Collaboration,guest post,https://50wheel.com/,30,https://50wheel.com/write-for-50wheel/,Contact Form,,,,
86,Team Collaboration,guest post,https://rattlenhumbarnyc.com/,50,https://rattlenhumbarnyc.com/write-for-us/,Email,rattlenhumbarnyc@gmail.com,,,
87,Team Collaboration,guest post,https://thestartingidea.com/,19,https://thestartingidea.com/write-for-us/,Contact Form,,,,
88,Team Collaboration,guest post,https://sparkbay.com/,32,https://sparkbay.com/en/culture-blog/write-for-us-8000,Email,hey@sparkbay.com,,,
89,Team Collaboration,guest post,https://www.pontikis.net/,41,https://www.pontikis.net/write-for-us,Contact Form,,,,
90,Team Collaboration,guest post,https://www.liquor.com/,79,https://www.liquor.com/about-us-4782181#write-for-us,Email,sales@liquor.com,,,
91,Team Collaboration,guest post,https://themindfulmdmom.com/,25,https://themindfulmdmom.com/write-for-us/,Email,hello@themindfulmdmom.com,,,
92,Team Collaboration,guest post,https://www.unite.ai/,41,https://www.unite.ai/write-for-us/,Contact Form,,,,
93,Team Collaboration,guest post,https://celebmix.com/,69,https://celebmix.com/write-for-celebmix/,Contact Form,,,,
873,Team Collaboration,guest post,https://swat.io/,40,https://swat.io/en/guest-post-guidelines/,Contact form,,,,
874,Team Collaboration,guest post,https://www.swordandthescript.com/,43,https://www.swordandthescript.com/pitches-read-me/,Contact form,,,,
875,Team Collaboration,guest post,https://adventureforlessblog.com/,29,https://adventureforlessblog.com/,Email,kelly@adventureforlessblog . com,,,
876,Team Collaboration,guest post,https://www.vtcrc.com/,38,https://www.vtcrc.com/news/not-your-average-research-blog-for-october-28-2019-vtcrcblog-looking-for-guest-blog-posts/,Email,jenna.davis@vtcrc.com,,,
877,Team Collaboration,guest post,https://clippingpathindia.com/,43,https://clippingpathindia.com/blogs/tips/want-to-write-for-us-here-s-how-to-submit-your-guest-post,Email,editor@clippingpathindia.com,,,
878,Team Collaboration,guest post,https://meldcoworking.com/,26,https://meldcoworking.com/guest-posting-guidelines/,Email,hello@meldcoworking.com,,,
879,Team Collaboration,guest post,https://www.nostomachforcancer.org/,49,https://www.nostomachforcancer.org/news/patient-and-family-stories/guest-post-guidelines,Email,blog@nostomachforcancer.org,,,
880,Team Collaboration,guest post,https://leavingworkbehind.com/,45,https://leavingworkbehind.com/your-story/,Contact Form,,,,
881,Team Collaboration,guest post,https://angelsbailbonds.com/,23,https://angelsbailbonds.com/contribute-write-for-us/,Contact Form,,,,
882,Team Collaboration,guest post,https://management30.com/,46,https://management30.com/blog/creating-team-agreements-for-your-remote-team/,Contact Form,,,,
883,Team Collaboration,guest post,https://www.livingrefugeearchive.org/,23,https://www.livingrefugeearchive.org/blog/guest-post-guidelines/,Email,submissions@livingrefugeearchive.org,,,
884,Team Collaboration,guest post,https://www.a3logics.com/,30,https://www.a3logics.com/write-for-us,Email,marketing@a3logics.in,,,
885,Team Collaboration,guest post,https://nebigdatahub.org/,36,https://nebigdatahub.org/guest-post-guidelines/,Email,ken2115@columbia.edu,,,
886,Team Collaboration,guest post,https://www.bostonmedicalgroup.com/,41,https://www.bostonmedicalgroup.com/contribute-write-for-us/,Contact Form,,,,
887,Team Collaboration,guest post,https://theboxzone.com/,23,https://theboxzone.com/contribute-write-for-us/,Contact Form,,,,
888,Team Collaboration,guest post,https://userbrain.net/,45,https://userbrain.net/blog/userbrain-guest-post-guidelines,Email,guestpost@userbrain.net,,,
139,Work Efficiency,guest post,https://motivationgrid.com/,52,https://motivationgrid.com/write-for-us/,Email,guestpost@motivationgrid.com,,,
140,Work Efficiency,guest post,https://www.sitepoint.com/,87,https://www.sitepoint.com/write-for-us/,Contact Form,,,,
141,Work Efficiency,guest post,https://ivannovation.com/,25,https://ivannovation.com/write-for-us/,Contact Form,,,,
142,Work Efficiency,guest post,http://www.fulfillmentdaily.com/,46,http://www.fulfillmentdaily.com/write-us/,Email,fulfillmentdaily@gmail.com,,,
143,Work Efficiency,guest post,https://www.folkrebellion.com/,36,6folkrebellion.com/write-for-us,Email,dispatch@folkrebellion.com,,,
144,Work Efficiency,guest post,https://www.best10resumewriters.com/,23,https://www.best10resumewriters.com/write-for-us-article-submission-guidelines/,Contact Form,,,,
145,Work Efficiency,guest post,https://corporatecareergirl.com/,20,https://corporatecareergirl.com/contribute/,Contact Form,,,,
146,Work Efficiency,guest post,https://www.attorneyatwork.com/,50,https://www.attorneyatwork.com/writing-guidelines/,Email,editor@attorneyatwork.com,,,
147,Work Efficiency,guest post,https://highlysensitiverefuge.com/,40,https://highlysensitiverefuge.com/write-for-us/,Email,submissions@highlysensitiverefuge.com,,,
148,Work Efficiency,guest post,https://www.goalcast.com/,60,https://www.goalcast.com/write-for-us/amp/,Email,write@goalcast.com,,,
149,Work Efficiency,guest post,http://www.renewableenergyfocus.com/,54,http://www.renewableenergyfocus.com/view/33955/want-to-write-for-renewable-energy-focus/,Email,press_releases@renewableenergyfocus.com,,,
150,Work Efficiency,guest post,https://realpython.com/,55,5realpython.com/write-for-us/,Contact Form,,,,
151,Work Efficiency,guest post,https://workbloom.com/,41,https://workbloom.com/contact-us,Email,contact@workbloom.com,,,
152,Work Efficiency,guest post,https://thriveglobal.com/,80,https://thriveglobal.com/stories/becoming-a-thrive-global-contributor/,Email,communityhelp@thriveglobal.com,,,
153,Work Efficiency,guest post,https://contributors.dissolve.com/,56,https://contributors.dissolve.com/apply,Contact Form,,,,
154,Work Efficiency,guest post,https://www.agefotostock.com/become-a-contributor/,58,https://www.agefotostock.com/become-a-contributor/,Email,photodepartment@agefotostock.com,,,
155,Work Efficiency,guest post,https://www.clippn.com/,20,https://dashboard.clippn.com/become-contributor-form?hsCtaTracking=14174742-b860-4d6a-94a6-29bf38cbfb7f%7C400e55d2-e438-424e-bcd9-51b4aa37ec43,Contact Form,,,,
156,Work Efficiency,guest post,https://www.vunela.com/,38,https://www.vunela.com/becoming-vunela-contributor/,Contact Form,,,,
157,Work Efficiency,guest post,https://www.lanewaymagazine.com.au/,22,https://www.lanewaymagazine.com.au/become-a-contributor/,Email,info@lanewaymagazine.com.au,,,
158,Work Efficiency,guest post,https://www.productionhub.com/,55,https://www.productionhub.com/blog/contribute,Email,blog@productionhub.com,,,
159,Work Efficiency,guest post,https://www.boisestate.edu/,73,https://www.boisestate.edu/saem/student-life-contributor-request/,Email,studentlife@boisestate.edu,,,
160,Work Efficiency,guest post,https://www.engineering.com/,75,http://www.engineering.com/Home/BecomeaContributor.aspx,Contact Form,,,,
161,Work Efficiency,guest post,https://nextstepsinderm.com/,21,https://nextstepsinderm.com/contributor/,Contact Form,,,,
162,Work Efficiency,guest post,https://photographingspace.com/,43,https://photographingspace.com/write-for-photographingspace-com/,Email,info@photographingspace.com,,,
163,Work Efficiency,guest post,https://italicsmag.com/,36,https://italicsmag.com/become-a-contributor/,Email,editorial@italicsmag.com,,,
164,Work Efficiency,guest post,https://www.vault.com/,65,https://www.vault.com/blogs/write-a-guest-post,Contact Form,,,,
936,Work Efficiency,guest post,https://timemanagementninja.com/,58,https://timemanagementninja.com/guest-post/,Contact Form,,,,
937,Work Efficiency,guest post,https://www.easyautomatedsales.com/,29,https://www.easyautomatedsales.com/submit-guest-post/,Email,guest@easyautomatedsales.com,,,
938,Work Efficiency,guest post,https://www.tckpublishing.com/,51,https://www.tckpublishing.com/guest-post-guidelines/,Contact Form,,,,
939,Work Efficiency,guest post,https://www.greenbuildermedia.com/,45,https://www.greenbuildermedia.com/submit-a-guest-blog-post,Contact Form,,,,
940,Work Efficiency,guest post,https://ethicalocean.com/,42,https://ethicalocean.com/write-for-us/,Email,diana@ethicalocean.com,,,
941,Work Efficiency,guest post,https://ranktoday.com/,40,https://ranktoday.com/guest-post/,Email,outreach@ranktoday.com,,,
942,Work Efficiency,guest post,http://www.lovinglittles.com/,26,http://www.lovinglittles.com/submit-guest-post-2/,Email,lovinglittlesusa@gmail.com,,,
943,Work Efficiency,guest post,https://churchofcustomer.com/,42,https://churchofcustomer.com/write-for-me/,Email,adina@churchofcustomer.com,,,
944,Work Efficiency,guest post,https://blog.namely.com/,54,https://blog.namely.com/contribute,Email,hrforhumans@namely.com,,,
945,Work Efficiency,guest post,http://marinesciencetoday.com/,51,http://marinesciencetoday.com/submit-a-guest-post/,Email,info@marinesciencetoday.com,,,
946,Work Efficiency,guest post,https://neshco.org/,29,https://neshco.org/blog/f/maintain-a-hipaa-compliant-digital-strategy-for-patient-communica,Email,admin@neshco.org,,,
947,Work Efficiency,guest post,https://www.lessismoremedicine.com/,33,https://www.lessismoremedicine.com/blog?offset=1445015580000,Email,lessismoremedicine@gmail.com,,,
,,,,,,,,,,
,,,,,,,,,,
,,,,,,,,,,
,,,,,,,,,,
,,,,,,,,,,
,,,,,,,,,,
,,,,,,,,,,
,,,,,,,,,,
,,,,,,,,,,
,,,,,,,,,,
,,,,,,,,,,
,,,,,,,,,,
,,,,,,,,,,
,,,,,,,,,,
,,,,,,,,,,
,,,,,,,,,,
,,,,,,,,,,
,,,,,,,,,,
,,,,,,,,,,
,,,,,,,,,,
,,,,,,,,,,
,,,,,,,,,,
,,,,,,,,,,
,,,,,,,,,,
,,,,,,,,,,
,,,,,,,,,,
,,,,,,,,,,
,,,,,,,,,,
,,,,,,,,,,
,,,,,,,,,,
,,,,,,,,,,
,,,,,,,,,,
,,,,,,,,,,
,,,,,,,,,,
,,,,,,,,,,
,,,,,,,,,,
,,,,,,,,,,
,,,,,,,,,,