,,,,Insert link to live URL,,Insert link to topic pillar page on your site,Inset anchor text used on the Live Link URL page,"Guest Post, Link Roundup, etc."
,Total Spent,,,6548,,,,,,,,,,,,,,,,,,,,,,,,,
Date Submitted,Cost,DA,Traffic,Live Link URL,Keyword,Landing Page,Anchor,Type,Date Verified,Paypal ID,Payment Status,Notes,Writer,,,,,,,,,,,,,,,,
,10,26,0,https://deepadvices.com/,Food Handling,,,Guest Post
,20,14,911,https://fandbstories.com/,*See notes*,,,Guest Post
,35,54,386,https://endzonescore.com/,Food Handling,,,Guest Post
,25,30,299,https://www.safeandhealthylife.com/,Safe food handling,,,Guest Post
44103,90,52,11449,https://the-daily.buzz/safe-food-handling-best-practices/,Safe food handling,https://the-daily.buzz/safe-food-handling-best-practices/,https://ziphaccp.com/food-handling/safe-food-handling.html,Guest Post,44103,https://www.paypal.com/invoice/p/#RP62Z7CGKZGB8E57,PAID
,100,25,1366,https://tasteinsight.com/,Safe food handling,,,Guest Post
,30,27,482,https://www.goodfoodfun.com/,food handling cross contamination,,,Guest Post
,100,33,1145,https://www.newznew.com/,All niche related food,,,Guest Post
,5,17,3,https://foodstuffmall.com/,Food Safety,,,Guest Post
,20,22,0,https://www.hawkerstreetfood.com/,All niche related food,,,Guest Post
,Free,41,3739,https://www.foodforfitness.co.uk,Food Safety,,,Guest Post,,,,Creation phase,Joel Laforest
,40,21,360,https://legendvalley.net,All niche related food,,,Guest Post
,40,21,0,https://www.usehealthtips.com/,HACCP Plan,,,Guest Post
,25,30,192,http://www.magazinesworld.org/,"Food, Food Safety",,,Guest Post
,150,60,1728,https://www.uplarn.com/,HACCP,,,Guest Post
,50,28,6530,https://greendorphin.com/,HACCP Plan (Cannabis site),,,Guest Post
,20,17,164,http://www.questnewsgroup.com/,Food Preparation,,,Guest Post
,20,14,1490,https://15minutekitchen.com/,*See notes*,,,Guest Post
,30,19,1900,https://kitchenfact.com/,Food Safety Standards,,,Guest Post
44114,Free,27,1300,https://foodnhealth.org/food-truck-food-safety/,Food Truck Food Safety,https://foodnhealth.org/food-truck-food-safety/,https://ziphaccp.com/food-safety/food-truck-food-safety.html,Backlink Exchange,44114,,,"please link to the homepage with the anchor text ""healthy food choices"" or ""healthy food"" - Done 11/2"
,150,38,3200,https://yogadigest.com/,Food Safety,,,Guest Post
,250,39,706,https://www.healthresource4u.com/,*They insist to write the article*,,,Guest Post
,Free,30,4,https://morethanamountfull.com/,Food Safety (Food x Travel),,,Guest Post
,35,20,101,http://www.nutrichoice4u.com/,Food rotation/Food Safety,,,Guest Post
,25,21,388,http://foodandfitnessalways.com/,Food Safety,,,Guest Post
,Free,31,144,https://enjoyshanghai.com,Food Safety,,,Guest Post,,,,Creation Phase,Erik Rush
,70,41,0,https://www.healthgenrate.com,Food Safety,,,Guest Post
,30,50,3000,https://www.wepromote247.com,Food Safety,,,Guest Post,44103,https://www.paypal.com/invoice/p/#CF5LT76QJMYVAUAU
,30,17,21,http://www.99myhealthtips.com/,Food Safety,,,Guest Post
,Free,44,15500,https://www.canfitpro.com,Food Safety,,,Guest Post
,5,23,239,https://www.progressivegardening.com,Food Safety,,,Guest Post
,Free,15,971,https://betterfood.co/,HACCP/Food Preparation,,,Guest Post,,,,Creation Phase,Ian Hayes
,70,48,3200,https://www.health2wellnessblog.com/,Food Safety Handling,,,Guest Post,,,,Creation Phase,Hanh Truong
,Free,38,1800,https://www.dairyscience.info,Food Preparation,,,Guest Post
,20,22,1600,http://foodcitations.com/,Food Preparation,,,Guest Post
,Free,14,597,https://www.nmamilife.com,Food Preparation (in response to COVID19),,,Guest Post
,Free,38,7600,www.thetravellingsouk.com,"Food (""Food Tips in 'Specific Country')",,,Guest Post
44133,Free,27,8000,https://www.barandrestaurantexpo.com/,Food Safety (Updated Food safety guideline for restaurants 2020 (consider the COVID situation)),,,Guest Post,,,,,Hanh Truong
,10,9,20,http://www.thefoodaffair.in/,Food Supply Chain,,,Guest Post
,OVER THE BUDGET,40,11800,https://www.northshoremums.com.au/,,,,Guest Post
,50,55,19800,www.newfoodmagazine.com/,Food Safety Hazards,,,Guest Post,,,,Creation Phase,Ian Hayes
,25,21,135,https://healthgardeners.com,Food Safety,,,Guest Post
,Free,23,44,https://futurefood.fm/,Food Safety (Primary focus of the article should be climate crisis and food + another angle to include food safety),,,Guest Post
44133,Free,18,10400,https://www.cupcakemaps.com/,Food Preparation,,,Guest Post,,,,,Stefan Milicevic
,50,19,441,http://vietnamsurprise.com/,Food Safety Handling,,,Guest Post
,,17,219,https://www.thefastr.com/,Food Truck Food Safety,,,Guest Post
,Free,23,413,https://bloggingideas.com/,"Food Preparation (Topic/Title: ""Top 20 Best Food Affiliate Programs in 2020"" )",,,Guest Post
,,27,431,https://www.teachworkoutlove.com/,Food Truck Food Safety,,,Guest Post
,50,38,27,https://topmum.co.uk,Food Preparation,,,Guest Post
,60,22,159,https://www.momenvyblog.com,Food Preparation,,,Guest Post
,Free,13,131,https://zephyriousity.com,Food Safety (Write about Food x Travel),,,Guest Post
,30,18,0,https://xoogie.net/,Food Safety,,,Guest Post
,50,23,2300,https://www.allchickenrecipes.com/,Food Preparation (how-to guide on preparing chicken for cooking),,,Guest Post
,Free,56,8000,https://hospitalitytech.com/,Labor Management Software,,,Guest Post,,,,"Specially asked for article on ""Labor Managment Software"" - Company reached out to us - Pending Direction "
,Free,17,1,http://nevernotamazing.com/,Food Preparation,,,Guest Post
,20,28,3,https://crowbarprotein.com/,Food Preparation,,,Guest Post
,36,32,5,https://cubemarketplace.com,Food Preparation,,,Guest Post
,150,40,911,http://www.homelifeabroad.com/,Food Preparation,,,Guest Post
,Free,19,5200,https://www.bioscience.com.pk/,HARPC,,,Guest Post
,Free,32,194,https://www.freedieting.org/,Food Preparation,,,Guest Post
,50,38,1400,https://www.scoopify.org/,Food Preparation,,,Guest Post
,50,22,11,https://mainnews.net/,Food Preparation,,,Guest Post
,50,54,786,https://southafricatoday.net/,Food Safety,,,Guest Post
,25,25,14,https://www.bevwo.com/,Food handling cross contamination,,,Guest Post
,20,17,2500,https://howtobest.org,Food Preparation,,,Guest Post
,225,32,2600,https://www.mklibrary.com,Food Rotation,,,Sponsored Post
,20,26,5,https://www.contactcustomerhelpline.com,Food Safety,,,Guest Post
,50,62,70.2K,https://urbanmilwaukee.com/,Meat Safety,,,Sponsored Post
,$150 + VAT,59,31.7K,https://www.bristol247.com,Food Rotation,,,Sponsored Post
,20,26,2,https://qfoodtravel.com/,Food Safety,,,Guest Post
,50,29,1,https://www.unwedhousewifeblog.com/,Meat Safety,,,Guest Post
,80,40,9K,https://hackercombat.com/,Food Safety Software,,,Guest Post
,Free,5,413,https://foodsafetycareerguide.com/,Food Safety Software,,,Guest Post
,Free,15,4,http://webonlinestudio.com,Food Truck Food Safety,,,Guest Post
,45,38,847,https://www.tastefulspace.com/,Food Truck Food Safety,,,Sponsored Post
,Free,21,1.1K,http://mfranzen.ca/pages/links/foods.html,Food Handling,,ZIPHACCP Safety Blog,Resource Page
,Free,12,527,https://www.foodnfabric.com/,Food rotation,,,Manufacturer
,120,44,1.5K,http://cosmobc.com,Food Truck Food Safety,,,Guest Post
44133,,33,4.7K,https://www.justbeetit.com/,Food Truck Food Safety,,,Guest Post,,,,,Stefan Milicevic
,20,32,2.4K,http://www.foodwellsaid.com/,food safety monitoring,,,Guest Post
,40,40,27,https://healthtostyle.com,Food Sanitation,,,Guest Post
,Free,13,12,https://denversdancingdietitian.com/,Food Sanitation,,,Guest Post
,Free,14,44,https://fancy-ladies-at.com/,Food Sanitation,,,Guest Post
,Free,10,349,http://www.worldwithmaria.com/,Food Sanitation,,,Guest Post
,100,52,22.3K,https://restaurantengine.com/,Food Truck Food Safety,,,Manufacturer/Guest Post
,159,12,216,https://www.gurgl.in,Food Safety,,,Guest Post
,80,18,610,https://pickbestproduct.com/,Food Truck Food Safety,,,Sponsored Post
,80,43,3.2K,https://ireallylikefood.com/,Food Sanitation,,,Guest Post
,60,56,17,https://lainternetonline.com,Food Logistics,,,Sponsored Post
,50,36,1.1K,www.newsanyway.com/,Food Logistics,,,Guest Post
,40,40,0,https://www.ournutritionist.com/,How to Prevent Food Poisoning,,,Guest Post
,80,19,3.4K,https://roboticsbiz.com/,Food Logistics,,,Guest Post
,70,21,1.6K,https://www.kitchenapparatus.com/,Food Logistics,,,Guest Post
,70,45,198,https://www.meetrv.com/,Food Logistics,,,Guest Post
,Free,89,29.9K,https://blog.beaconstac.com/,Food Logistics,,,Guest Post
,35,55,111,https://www.graysmark.co.uk/,Food Logistics,,,Guest Post
,Free,56,12.1K,https://www.inboundlogistics.com/,Food Logistics,,,Sponsored Post
,100,34,1.1K,https://blog.cryptoknowmics.com/,Food Logistics,,,Guest Post
,Free,8,16,https://foodiewish.com/,Food Logistics,,,Guest Post
,75,43,879,https://thehomesteadsurvival.com/,Food Preparation,,,Guest Post
,45,24,7.7K,https://moonshinerecipe.org/,Food Logistics,,,Guest Post
,35,24,844,https://thetastyworld.com,Food Logistics,,,Guest Post
,80,33,990,https://dashofwellness.com/,Food Logistics,,,Guest Post
,Free,24,436,https://accessiblechef.com/,Food Logistics,,,Guest Post
,40,20,106,https://www.sourkitchen.com/,Food Logistics,,,Guest Post
,10,11,356,https://kitchengeeky.com,Food Logistics,,,Guest Post
,Free,28,368,https://gatherbaltimore.org/,Food Logistics,,,Guest Post
,35,34,10K,https://supplychaingamechanger.com/,Food Logistics,,,Guest Post
,Free,35,928,https://naughtynutrition.co,Food rotation,,,Guest Post
,Free,32,1.4K,https://www.allthingssupplychain.com/,Food Logistics,,,Guest Post
,Free,34,2.2K,https://www.therail.media/,Food Logistics,,,Guest Post
,10,20,408,https://lighttheminds.com/,Food Logistics,,,Guest Post
,400,65,31.4K,https://ceoworld.biz/,Food Logistics,,,Guest Post
,40,72,820,https://ureadthis.com,Food Hygiene,,,Guest Post
,165,50,8716,https://slummysinglemummy.com,Food Hygiene,,,Guest Post
,30,23,1,https://techlurk.com/,Food Safety,,,Guest Post
,150,30,2520,https://startuptipsdaily.com/,Food Logistics,,,Guest Post
,Free,21,3,https://www.choblogs.com/,Food Hygiene,,,Guest Post
,8,9,2,https://www.realhealthtalks.com,Food Hygiene,,,Guest Post
,75,25,768,https://boostbodyfit.com/,Food Hygiene,,,Guest Post
,25,11,0,https://www.healthylivingtipsonline.com,Food Hygiene,,,Guest Post
,15,26,1.5K,https://yoga2all.com,HACCP,,,Guest Post
,20,17,93,http://xclusivefashionmeetslifestyle.com,HACCP,,,Guest Post
,Free,11,358,https://kitchengeeky.com,Food Logistics,,,Guest Post
,Free,25,38,https://dietarysupplementsinfo.com,Food Hygiene,,,Guest Post
,5,17,459,https://www.okeasylife.com,HACCP,,,Guest Post
,100,57,12.1K,https://scoopempire.com/,HACCP,,,Guest Post
,45,41,511,https://farmingselfie.com,HACCP,,,Guest Post
,,19,11,https://www.bizzield.com/,Food Hygiene,,,Guest Post
,Free,10,18,https://wholefoodliving.life,HACCP,,,Guest Post
,100,40,113,https://zigverve.com,Food Hygiene,,,Guest Post
,,40,9.7K,https://totalfood.com,HACCP,,,Guest Post
,50,8,40.2K,https://www.uniquenewsonline.com,Food Logistics,,,Sponsored Post
,80,26,2.2K,http://poojascookery.com/,Food Logistics,,,Sponsored Post
,30,54,0,https://www.newsfornations.com,Food Logistics,,,Sponsored Post
,Free,52,8,https://turtleverse.com,Food Logistics,,,Guest Post
,150,54,4.5K,https://greenlivingideas.com/,,,,Sponsored Post
,Free,12,163,https://www.thewomenspic.com,HACCP,,,Guest Post
,70,41,308,https://dandelife.com,Food Logistics,,,Food Logistics
,40,46,0,https://hitspanda.com,Food Safety Software,,,Guest Post
,Free,27,2.0K,https://www.expatrepublic.com,Causes of Poor Food Hygiene,,,Guest Post
,65,19,1.4K,https://chinesefoodsrecipe.com,Food Logistics,,,Guest Post
,65,38,430,https://healthylife.werindia.com/,Causes of Poor Food Hygiene,,,Guest Post
,Free,18,0,https://allindiaevent.com,Food Logistics,,,Guest Post
,,55,22,https://www.yourhealthjournal.com/,Causes of Poor Food Hygiene,,,Guest Post
,75,53,18.7K,https://officechai.com/,Causes of Poor Food Hygiene,,,Guest Post
,,25,13,https://www.varmaila.com,Causes of Poor Food Hygiene,,,Guest Post
,Free,18,238,https://selibeng.com/,Causes of Poor Food Hygiene,,,Guest Post
,150,56,106K,https://www.devdiscourse.com/,Food Logistics,,,Guest Post
,Free,18,39,https://www.bia-biz.com/,HACCP,,,Guest Post
,80,36,640,https://ialwaysbelievedinfutures.com/,Causes of Poor Food Hygiene,,,Guest Post
,25,35,13,https://mylifewithnodrugs.com/,Causes of Poor Food Hygiene,,,Guest Post
,50,26,4.6K,https://healtholine.com,Causes of Poor Food Hygiene,,,Guest Post
,Free,21,393,https://foodravel.com/,Causes of Poor Food Hygiene,,,Guest Post
,75,21,1.5K,https://elleblonde.com,Causes of Poor Food Hygiene,,,Guest Post
,10,11,34,https://nanaykikay.com,Causes of Poor Food Hygiene,,,Guest Post
,50,57,16.8K,https://southfloridareporter.com/,Causes of Poor Food Hygiene,,,Guest Post
,Free,34,2.5K,https://southeastproduceweekly.com/,Causes of Poor Food Hygiene,,,Guest Post
,50,41,3.5K,https://www.backpackertravel.org/,Causes of Poor Food Hygiene,,,Link Insertion
,10,24,0,https://fooshya.com//,Causes of Poor Food Hygiene,,,Manufacturer/Guest Post
,50,57,89,https://www.inspiringmeme.com/,Causes of Poor Food Hygiene,,,Sponsored Post
,15,11,7,https://www.dentalmedicineblog.com,Causes of Poor Food Hygiene,,,Guest Post
,Free,6,2.9K,https://www.honestfoodtalks.com/,Food Hygiene,,,Guest Post
,10,55,1.3K,https://www.bethesurfer.com,Food Safety,,,Guest Post
,25,22,0,www.healthgardeners.com,Food Safety,,,Guest Post
,Free,7,0,https://ballyabio.cn/,Food Safety,,,Guest Post
,150,45,3.8K,https://smallbizclub.com,Food Safety,,,Guest Post
,Free,33,1.1K,https://www.dotit.com/,Food Safety,,,Guest Post
,Free,14,15,https://www.healthperfectinfo.com/,Food Safety,,,Guest Post
,350,66,38.0K,https://ceoworld.biz/,Food Safety,,,Guest Post
,70,56,27.2K,https://www.gadgetflazz.com,Food Safety,,,Guest Post
,40,54,20,https://businessnewstips.com/,Food Safety,,,Guest Post
,89,47,2.2K,https://www.bizcatalyst360.com/,Food Safety/Remote Employees,,,Sponsored Post
,150,60,51,https://getnews360.com/,Food Safety,,,Guest Post
,50,30,7,https://ascientistinthekitchen.net/,Food Safety,,,Guest Post
,15,28,124,http://www.celebricious.com/,Food Safety,,,Guest Post
,75,34,4.8K,www.justbeetit.com,Food Safety,,,Guest Post
,300,43,4.1K,https://www.aha-now.com/,Food Safety,,,Guest Post
,70,42,985,https://vintank.com/,Food Safety,,,Guest Post
,250,60,2.4K,https://www.newsforpublic.com/,Food Safety,,,Guest Post
,Free,13,0,https://www.lifetimetraveller.com/,Food Safety,,,Guest Post
,Free,31,3.3K,https://theorkneynews.scot/,Food Safety,,,Sponsored Post
,Free,16,553,https://www.proktools.com/,Food Safety,,,Guest Post
,90,49,98.4K,https://starofmysore.com/,Food Safety,,,Guest Post
,50,46,30K,https://thenantwichnews.co.uk/,Food Safety,,,Guest Post
,150,43,631,https://hr-gazette.com/,Employee Scheduling,,,Guest Post
,100,34,1.1K,https://www.suburban-mum.com/,Food Safety,,,Guest Post
,Free,58,237K,https://www.cleverism.com/,Employee Scheduling,,,Guest Post/Backlink Exchange
,45,48,2.7K,https://myventurepad.com/,Employee Scheduling,,,Guest Post
,Free,45,2.6K,https://smallbizclub.com/,Employee Scheduling,,,Sponsored Post
,Free,44,21.8K,https://www.alustforlife.com/,Workplace/Employee Productivity,,,Guest Post
,18,28,3.2K,https://businesspartnermagazine.com/,Workplace/Employee Productivity,,,Guest Post
,Free,20,338,https://swellsystem.com/,Employee Scheduling,,,Guest Post
,250,39,627,http://www.hrcsuite.com/write-for-us,Workplace/Employee Productivity,,,Guest Post
,100,41,1K,https://business.yocale.com/,Employee Scheduling,,,Link Insertion
,Free,34,128,https://www.anthonygaenzle.com,Employee Communication,,,Guest Post
,Free,63,886038,https://clutch.co/,Employee Scheduling,,,Guest Post
,100,51,12.9K,https://codecondo.com/,Employee Scheduling,,,Guest Post
,150,36,5K,https://wire19.com,Workplace Productivity Characteristics,,,Guest Post
,Free,42,3.4K,https://careermetis.com/,Employee Scheduling,,,Guest Post
,Free,54,781,https://www.mindmybusinessnyc.com/,Employee Scheduling,,,Guest Post
,120,37,3.2K,https://businessfirstfamily.com/,Employee Scheduling,,,Guest Post
,50,30,605,https://thinkingcountry.com/,Food safety rules,,,Guest Post
,,24,1.1K,http://www.clickandinc.com,Employee Communication,,,Guest Post
,50,43,2.9K,https://www.meldium.com/,,,,Guest Post
,50,41,1679,https://infobeat.com/,Workplace/Employee Productivity,,,Guest Post
,50,34,3007,https://techrapidly.com/,,,,Guest Post
,Free,38,1400,https://www.makingbusinessmatter.co.uk/,Employee Communication,,,Guest Post
,30,53,134,https://bizmaa.com/,Employee Communication,,,Guest Post
,55,28,145,https://oddhogg.com/,bakery food safety,,,Sponsored Post
,Free,49,700,http://blog.maestroconference.com/,remote employees,,,Guest Post
,7,24,26,https://buzztowns.com/,Employee Communication,,,Guest Post
,45,20,4.6K,https://www.leavedates.com/,Employee Scheduling,,,Guest Post
,Free,50,3.1K,https://www.cyberdefensemagazine.com/,remote employees,,,Guest Post,,,,Pls refer to notes oin the Production tab
,100,57,19.8K,https://moderndiplomacy.eu/,Workplace/Employee Productivity,,,Guest Post
,Free,38,6.6K,https://aboutleaders.com/,Employee Communication,,,Guest Post
,Free,55,43.4K,https://www.socialpilot.co/,Employee Scheduling,,,Guest Post
,60,38,1.5K,https://peopledevelopmentmagazine.com/,Workplace/Employee Productivity,,,Guest Post
,Free,20,175,www.officeinsight.co.uk/,Workplace/Employee Productivity,,,Guest Post
,30,31,132,https://www.gcainc.com/,Workplace/Employee Productivity,,,Guest Post
,Free,21,6,https://www.ephas.com.au/,How to Measure Productivity in the Workplace,,,Guest Post
,60,46,159,https://pittythings.com/,,,,Guest Post
,120,52,1447,https://recentlyheard.com/,Workplace/Employee Productivity,,,Guest Post
,50,40,38K,https://www.techiexpert.com/,Workplace/Employee Productivity,,,Guest Post
,50,22,83,https://careersbusiness.co.uk/,Workplace/Employee Productivity,,,Guest Post
,Free,32,413,https://www.theculturesupplier.com/,Workplace/Employee Productivity,,,Guest Post
,Free,34,15.9K,https://www.optnation.com/,Employee Scheduling,,,Guest Post
,450,60,45.8K,https://dutchreview.com/ ,Workplace/Employee Productivity,,,Sponsored Post
,OVER THE BUDGET,35,362,https://www.entrepreneurshipsecret.com/,Workplace Productivity Characteristics,,,Guest Post
,130,52,908K,https://www.digitalconnectmag.com/,remote employees,,,Guest Post
,15,41,2.1K,http://frugalentrepreneur.com/,Workplace Productivity Characteristics,,,Guest Post
,Free,14,284,https://zitrod.com/,remote employees,,,Guest Post
,50,47,58.3K,https://www.uniquenewsonline.com/,Workplace Productivity Characteristics,,,Guest Post
,Free,63,66.6K,https://read.crowdfireapp.com/,remote employees,,,Guest Post
,125,57,21.1K,https://tweakyourbiz.com,Workplace Productivity Characteristics,,,Sponsored Post
,50,41,578,https://www.socialmediadelivered.com,remote employees,,,Guest Post
,150,47,2K,http://www.smbceo.com,Workplace Productivity Characteristics,,,Sponsored Post
,50,57,0,https://lawnine.com/,Labor Law,,,Guest Post
,60,29,9340,https://seeromega.com,Workplace Productivity Characteristics,,,Guest Post
,Free,21,0,https://www.bigguestposting.com,Workplace Productivity Characteristics,,,Guest Post
,10,16,514,https://licensetoblog.com,remote employees,,,Guest Post
,110,52,1.1K,https://wittysparks.com/,How Does Workplace Affect Productivity,,,Guest Post
,Free,56,27K,https://www.freelancewritinggigs.com/,remote employees,,,Guest Post,,,,See Notes in Production Tab
,OVER THE BUDGET,93,17.1M,https://solutions.researchgate.net/,,,,Sponsored Post
,50,55,0,https://lawyd.com/,Labor Laws,,,Guest Post
,50,55,0,https://lawsit.com/,Labor Laws,,,Sponsored Post
,25,54,579,https://westerlaw.org/,Labor Laws,,,Sponsored Post
,65,25,569,https://www.economicjournal.co.uk/,Workplace/Employee Productivity,,,Guest Post
,Free,,19,https://www.mossmedia.biz/,Improving Productivity in the Workplace,,,Link Exchange
,100£+5%VAT ,62,0,https://lifeyet.com,Labor Laws,,,Sponsored Post
,50,86,53K,https://readwrite.com/,Labor Laws/Employee Communication,,,Guest Post
,50,57,0,https://BenchLaws.com,Labor Laws,,,Guest Post
,50,57,0,https://LastAttorney.com,Labor Laws,,,Guest Post
,50,57,0,https://LawyerRule.com,Labor Laws,,,Guest Post
,50,57,0,https://LegalAbout.com,Labor Laws,,,Guest Post
,50,57,1,https://MoreLaws.com,Labor Laws,,,Guest Post
,50,57,4,https://LawyerAspect.com,Labor Laws,,,Guest Post
,50,57,23,https://LegalUrge.com,Labor Laws,,,Guest Post
,50,57,0,https://PacificLaws.com,Labor Laws,,,Guest Post
,50,57,0,https://TimesLaws.com,Labor Laws,,,Guest Post
,50,52,4,https://LawEnter.com,Labor Laws,,,Guest Post
,50,65,0,https://Lawgk.com,Labor Laws,,,Guest Post
,50,57,2,https://LawLid.com,Labor Laws,,,Guest Post
,50,57,0,https://Lawvv.com,Labor Laws,,,Guest Post
,50,54,0,https://JurisLaws.com,Labor Laws,,,Guest Post
,50,52,0,https://Lawkk.com,Labor Laws,,,Guest Post
,50,54,4,https://LawFem.com,Labor Laws,,,Guest Post
,50,54,0,https://LegalAxe.com,Labor Laws,,,Guest Post
,50,54,0,https://Legalrr.com,Labor Laws,,,Guest Post
,50,54,0,https://OULegal.com,Labor Laws,,,Guest Post
,70,29,1531,https://www.surveybee.net/,,,,Guest Post
,75,32,1001,https://www.greenjournal.co.uk/,,,,Guest Post
,,56,0,https://www.lemon-law.org/,Labor Laws,,,Guest Post
,Free,56,2.7K,https://www.insideindonesia.org/,Wage Laws,,,Guest Post
,35,17,4,https://allfinancialgroupllc.com/,Wage Laws,,,Guest Post
,10,37,159,https://www.humanengineers.com/,Wage Laws,,,Guest Post
,250,35,0,https://ideasplusbusiness.com/,Wage Laws,,,Guest Post
,Free,38,383,https://www.projectaccelerator.co.uk/,Define Productivity in the Workplace,,,Guest Post Exchange
,100,32,7.5K,https://www.halt.org/,Wage Laws,,,Guest Post
,25,29,288,https://www.safeandhealthylife.com,Food Safety,,,Guest Post
,100,38,5.3K,https://bestpickist.com,Food Safety,,,Guest Post
,10,31,2K,https://www.barnardhealth.us,Food Safety,,,Guest Post
,Free,36,5K,https://www.findcourses.com/,Improving Productivity in the Workplace,,,Link Exchange,,,,"Word Count: 700-1200, include author bio and author image 500x500px, article image 940x420px LINK EXCHANGE: You could add this link on this article of yours adding the sentence in yellow to this paragraph:

You should be able to create an atmosphere where employees feel less like someone is looking over their shoulders and feel free to explore their creativity. Don't micromanage your employee. Don't be overly controlling. Focus less on details and things that are going wrong. Focus more on things that are going well. Encourage your employees to explore things that are working and try to improve on them. Managers must be continuously growing to better help their employees, consider taking management training to be updated with the latest practices you can apply in your business. Your industry is one that always needs new game-changing ideas, and your employees have them. If they've worked in your restaurant for long, they sometimes even understand the customer needs better than you.


You could add this link on this article of yours adding the sentence in yellow to this paragraph:

1. Develop meaningful relationships- Build rapport with team members by getting to know them more personally. Ask them about their every day lives outside of work, for instance, about their loved ones and hobbies. Work on strengthening interpersonal skills among the members of the team in order to enhance relationships. SEE NOTES in Prod Tab"
,Free,34,19,https://www.mossmedia.biz/,Improving Productivity in the Workplace,,,Guest Post Exchange
,Free,17,3,https://www.linksforce.com.au,Workplace Productivity Characteristics,,,Guest Post
,Free,47,14.7K,https://www.boostability.com/,Employee Scheduling,,,Guest Post
,50,26,7.1K,https://www.the-next-tech.com/,remote team communication,,,Guest Post
,,26,12.3K,https://bytebitebit.com/,remote team communication,,,Guest Post
,Free,44,13.9K,https://www.milesweb.com/,remote team communication,,,Guest Post
,100,52,5K,https://www.culturalweekly.com,Workplace Productivity Characteristics,,,Guest Post
,Free,17,100,https://selibeng.com/,basic food hygiene,,,Guest Post,,,,Send Title Suggestions
,Free,18,363,https://f450c.org,Workplace Productivity Characteristics,,,Guest Post
,Free,61,17.9K,https://www.selfgrowth.com/,Field service management,,,Guest Post,,,,Membership Required
,100,53,13K,https://homebusinessmag.com/,Field service management,,,Guest Post,,publisher@homebusinessmag.com,,Same Publisher
,70,17,1.3K,https://homebusinessexpo.com/,,,,Guest Post,,publisher@homebusinessmag.com,,Same Publisher
,,58,4.3K,https://thefutureofthings.com/,Field service management,,,Guest Post
,200,40,62.9K,https://www.healthcarebusinesstoday.com/,Field service management,,,Guest Post
